Product code,Station number,Year,Month,Monthly Precipitation Total (millimetres),Quality
IDCJAC0001,009009,1915,06,173.9,Y
IDCJAC0001,009009,1915,07,219.7,Y
IDCJAC0001,009009,1915,08,187.3,Y
IDCJAC0001,009009,1915,09,122.1,Y
IDCJAC0001,009009,1915,10,91.3,Y
IDCJAC0001,009009,1915,11,2.4,Y
IDCJAC0001,009009,1915,12,4.6,Y
IDCJAC0001,009009,1916,01,51.5,Y
IDCJAC0001,009009,1916,02,59.4,Y
IDCJAC0001,009009,1916,03,0.8,Y
IDCJAC0001,009009,1916,04,10.2,Y
IDCJAC0001,009009,1916,05,110.2,Y
IDCJAC0001,009009,1916,06,188.9,Y
IDCJAC0001,009009,1916,07,185.4,Y
IDCJAC0001,009009,1916,08,167.6,Y
IDCJAC0001,009009,1916,09,10.4,Y
IDCJAC0001,009009,1916,10,85.2,Y
IDCJAC0001,009009,1916,11,60.2,Y
IDCJAC0001,009009,1916,12,1.5,Y
IDCJAC0001,009009,1917,01,0.0,Y
IDCJAC0001,009009,1917,02,13.2,Y
IDCJAC0001,009009,1917,03,7.1,Y
IDCJAC0001,009009,1917,04,52.3,Y
IDCJAC0001,009009,1917,05,141.5,Y
IDCJAC0001,009009,1917,06,222.3,Y
IDCJAC0001,009009,1917,07,317.8,Y
IDCJAC0001,009009,1917,08,135.1,Y
IDCJAC0001,009009,1917,09,165.0,Y
IDCJAC0001,009009,1917,10,106.4,Y
IDCJAC0001,009009,1917,11,0.5,Y
IDCJAC0001,009009,1917,12,67.8,Y
IDCJAC0001,009009,1918,01,19.8,Y
IDCJAC0001,009009,1918,02,30.7,Y
IDCJAC0001,009009,1918,03,29.7,Y
IDCJAC0001,009009,1918,04,50.3,Y
IDCJAC0001,009009,1918,05,118.1,Y
IDCJAC0001,009009,1918,06,232.4,Y
IDCJAC0001,009009,1918,07,68.6,Y
IDCJAC0001,009009,1918,08,136.9,Y
IDCJAC0001,009009,1918,09,64.5,Y
IDCJAC0001,009009,1918,10,87.4,Y
IDCJAC0001,009009,1918,11,6.3,Y
IDCJAC0001,009009,1918,12,5.8,Y
IDCJAC0001,009009,1919,01,6.1,Y
IDCJAC0001,009009,1919,02,7.9,Y
IDCJAC0001,009009,1919,03,3.0,Y
IDCJAC0001,009009,1919,04,73.7,Y
IDCJAC0001,009009,1919,05,36.0,Y
IDCJAC0001,009009,1919,06,119.8,Y
IDCJAC0001,009009,1919,07,132.0,Y
IDCJAC0001,009009,1919,08,148.7,Y
IDCJAC0001,009009,1919,09,36.0,Y
IDCJAC0001,009009,1919,10,51.7,Y
IDCJAC0001,009009,1919,11,14.9,Y
IDCJAC0001,009009,1919,12,61.0,Y
IDCJAC0001,009009,1920,01,3.8,Y
IDCJAC0001,009009,1920,02,0.8,Y
IDCJAC0001,009009,1920,03,28.2,Y
IDCJAC0001,009009,1920,04,0.0,Y
IDCJAC0001,009009,1920,05,183.1,Y
IDCJAC0001,009009,1920,06,257.1,Y
IDCJAC0001,009009,1920,07,146.1,Y
IDCJAC0001,009009,1920,08,223.2,Y
IDCJAC0001,009009,1920,09,46.3,Y
IDCJAC0001,009009,1920,10,34.8,Y
IDCJAC0001,009009,1920,11,0.0,Y
IDCJAC0001,009009,1920,12,1.5,Y
IDCJAC0001,009009,1921,01,0.0,Y
IDCJAC0001,009009,1921,02,11.2,Y
IDCJAC0001,009009,1921,03,18.1,Y
IDCJAC0001,009009,1921,04,15.0,Y
IDCJAC0001,009009,1921,05,179.9,Y
IDCJAC0001,009009,1921,06,128.8,Y
IDCJAC0001,009009,1921,07,192.0,Y
IDCJAC0001,009009,1921,08,97.4,Y
IDCJAC0001,009009,1921,09,104.8,Y
IDCJAC0001,009009,1921,10,70.3,Y
IDCJAC0001,009009,1921,11,22.2,Y
IDCJAC0001,009009,1921,12,21.6,Y
IDCJAC0001,009009,1922,01,2.5,Y
IDCJAC0001,009009,1922,02,10.5,Y
IDCJAC0001,009009,1922,03,11.2,Y
IDCJAC0001,009009,1922,04,36.3,Y
IDCJAC0001,009009,1922,05,98.7,Y
IDCJAC0001,009009,1922,06,81.0,Y
IDCJAC0001,009009,1922,07,198.7,Y
IDCJAC0001,009009,1922,08,123.7,Y
IDCJAC0001,009009,1922,09,66.2,Y
IDCJAC0001,009009,1922,10,31.0,Y
IDCJAC0001,009009,1922,11,12.2,Y
IDCJAC0001,009009,1922,12,22.6,Y
IDCJAC0001,009009,1923,01,29.0,Y
IDCJAC0001,009009,1923,02,0.0,Y
IDCJAC0001,009009,1923,03,24.7,Y
IDCJAC0001,009009,1923,04,59.9,Y
IDCJAC0001,009009,1923,05,187.9,Y
IDCJAC0001,009009,1923,06,307.5,Y
IDCJAC0001,009009,1923,07,120.5,Y
IDCJAC0001,009009,1923,08,109.4,Y
IDCJAC0001,009009,1923,09,187.7,Y
IDCJAC0001,009009,1923,10,43.2,Y
IDCJAC0001,009009,1923,11,0.0,Y
IDCJAC0001,009009,1923,12,47.5,Y
IDCJAC0001,009009,1924,01,0.0,Y
IDCJAC0001,009009,1924,02,0.0,Y
IDCJAC0001,009009,1924,03,6.6,Y
IDCJAC0001,009009,1924,04,6.4,Y
IDCJAC0001,009009,1924,05,126.4,Y
IDCJAC0001,009009,1924,06,138.8,Y
IDCJAC0001,009009,1924,07,132.7,Y
IDCJAC0001,009009,1924,08,182.8,Y
IDCJAC0001,009009,1924,09,65.7,Y
IDCJAC0001,009009,1924,10,123.5,Y
IDCJAC0001,009009,1924,11,32.6,Y
IDCJAC0001,009009,1924,12,0.0,Y
IDCJAC0001,009009,1925,01,11.9,Y
IDCJAC0001,009009,1925,02,21.3,Y
IDCJAC0001,009009,1925,03,26.2,Y
IDCJAC0001,009009,1925,04,2.3,Y
IDCJAC0001,009009,1925,05,98.7,Y
IDCJAC0001,009009,1925,06,159.2,Y
IDCJAC0001,009009,1925,07,168.9,Y
IDCJAC0001,009009,1925,08,35.4,Y
IDCJAC0001,009009,1925,09,110.9,Y
IDCJAC0001,009009,1925,10,67.1,Y
IDCJAC0001,009009,1925,11,3.3,Y
IDCJAC0001,009009,1925,12,13.4,Y
IDCJAC0001,009009,1926,01,0.0,Y
IDCJAC0001,009009,1926,02,7.6,Y
IDCJAC0001,009009,1926,03,35.0,Y
IDCJAC0001,009009,1926,04,158.8,Y
IDCJAC0001,009009,1926,05,146.5,Y
IDCJAC0001,009009,1926,06,167.4,Y
IDCJAC0001,009009,1926,07,339.9,Y
IDCJAC0001,009009,1926,08,155.3,Y
IDCJAC0001,009009,1926,09,87.0,Y
IDCJAC0001,009009,1926,10,109.7,Y
IDCJAC0001,009009,1926,11,48.5,Y
IDCJAC0001,009009,1926,12,0.0,Y
IDCJAC0001,009009,1927,01,12.2,Y
IDCJAC0001,009009,1927,02,6.9,Y
IDCJAC0001,009009,1927,03,44.5,Y
IDCJAC0001,009009,1927,04,28.0,Y
IDCJAC0001,009009,1927,05,77.4,Y
IDCJAC0001,009009,1927,06,153.3,Y
IDCJAC0001,009009,1927,07,174.3,Y
IDCJAC0001,009009,1927,08,128.1,Y
IDCJAC0001,009009,1927,09,65.8,Y
IDCJAC0001,009009,1927,10,67.2,Y
IDCJAC0001,009009,1927,11,0.0,Y
IDCJAC0001,009009,1927,12,0.0,Y
IDCJAC0001,009009,1928,01,12.5,Y
IDCJAC0001,009009,1928,02,0.0,Y
IDCJAC0001,009009,1928,03,5.6,Y
IDCJAC0001,009009,1928,04,25.1,Y
IDCJAC0001,009009,1928,05,127.3,Y
IDCJAC0001,009009,1928,06,108.1,Y
IDCJAC0001,009009,1928,07,273.8,Y
IDCJAC0001,009009,1928,08,157.5,Y
IDCJAC0001,009009,1928,09,106.9,Y
IDCJAC0001,009009,1928,10,43.8,Y
IDCJAC0001,009009,1928,11,11.2,Y
IDCJAC0001,009009,1928,12,9.4,Y
IDCJAC0001,009009,1929,01,5.8,Y
IDCJAC0001,009009,1929,02,17.3,Y
IDCJAC0001,009009,1929,03,16.8,Y
IDCJAC0001,009009,1929,04,22.3,Y
IDCJAC0001,009009,1929,05,194.2,Y
IDCJAC0001,009009,1929,06,199.4,Y
IDCJAC0001,009009,1929,07,112.4,Y
IDCJAC0001,009009,1929,08,87.6,Y
IDCJAC0001,009009,1929,09,59.7,Y
IDCJAC0001,009009,1929,10,46.2,Y
IDCJAC0001,009009,1929,11,38.6,Y
IDCJAC0001,009009,1929,12,6.8,Y
IDCJAC0001,009009,1930,01,0.0,Y
IDCJAC0001,009009,1930,02,0.0,Y
IDCJAC0001,009009,1930,03,4.3,Y
IDCJAC0001,009009,1930,04,36.3,Y
IDCJAC0001,009009,1930,05,44.4,Y
IDCJAC0001,009009,1930,06,181.0,Y
IDCJAC0001,009009,1930,07,222.8,Y
IDCJAC0001,009009,1930,08,115.4,Y
IDCJAC0001,009009,1930,09,124.6,Y
IDCJAC0001,009009,1930,10,46.4,Y
IDCJAC0001,009009,1930,11,15.2,Y
IDCJAC0001,009009,1930,12,12.7,Y
IDCJAC0001,009009,1931,01,0.0,Y
IDCJAC0001,009009,1931,02,2.3,Y
IDCJAC0001,009009,1931,03,8.2,Y
IDCJAC0001,009009,1931,04,57.5,Y
IDCJAC0001,009009,1931,05,144.9,Y
IDCJAC0001,009009,1931,06,116.3,Y
IDCJAC0001,009009,1931,07,197.1,Y
IDCJAC0001,009009,1931,08,133.7,Y
IDCJAC0001,009009,1931,09,140.8,Y
IDCJAC0001,009009,1931,10,60.0,Y
IDCJAC0001,009009,1931,11,0.0,Y
IDCJAC0001,009009,1931,12,5.9,Y
IDCJAC0001,009009,1932,01,2.8,Y
IDCJAC0001,009009,1932,02,0.0,Y
IDCJAC0001,009009,1932,03,3.5,Y
IDCJAC0001,009009,1932,04,53.6,Y
IDCJAC0001,009009,1932,05,210.2,Y
IDCJAC0001,009009,1932,06,125.9,Y
IDCJAC0001,009009,1932,07,263.6,Y
IDCJAC0001,009009,1932,08,176.6,Y
IDCJAC0001,009009,1932,09,47.1,Y
IDCJAC0001,009009,1932,10,66.9,Y
IDCJAC0001,009009,1932,11,3.8,Y
IDCJAC0001,009009,1932,12,2.5,Y
IDCJAC0001,009009,1933,01,17.0,Y
IDCJAC0001,009009,1933,02,0.0,Y
IDCJAC0001,009009,1933,03,24.3,Y
IDCJAC0001,009009,1933,04,18.0,Y
IDCJAC0001,009009,1933,05,132.0,Y
IDCJAC0001,009009,1933,06,168.5,Y
IDCJAC0001,009009,1933,07,107.6,Y
IDCJAC0001,009009,1933,08,114.4,Y
IDCJAC0001,009009,1933,09,65.8,Y
IDCJAC0001,009009,1933,10,94.6,Y
IDCJAC0001,009009,1933,11,6.6,Y
IDCJAC0001,009009,1933,12,1.0,Y
IDCJAC0001,009009,1934,01,9.1,Y
IDCJAC0001,009009,1934,02,0.0,Y
IDCJAC0001,009009,1934,03,186.9,Y
IDCJAC0001,009009,1934,04,39.5,Y
IDCJAC0001,009009,1934,05,124.9,Y
IDCJAC0001,009009,1934,06,207.2,Y
IDCJAC0001,009009,1934,07,161.8,Y
IDCJAC0001,009009,1934,08,107.7,Y
IDCJAC0001,009009,1934,09,100.4,Y
IDCJAC0001,009009,1934,10,34.7,Y
IDCJAC0001,009009,1934,11,26.6,Y
IDCJAC0001,009009,1934,12,2.8,Y
IDCJAC0001,009009,1935,01,11.2,Y
IDCJAC0001,009009,1935,02,30.1,Y
IDCJAC0001,009009,1935,03,7.1,Y
IDCJAC0001,009009,1935,04,47.7,Y
IDCJAC0001,009009,1935,05,86.0,Y
IDCJAC0001,009009,1935,06,78.7,Y
IDCJAC0001,009009,1935,07,204.2,Y
IDCJAC0001,009009,1935,08,126.0,Y
IDCJAC0001,009009,1935,09,76.6,Y
IDCJAC0001,009009,1935,10,62.7,Y
IDCJAC0001,009009,1935,11,1.3,Y
IDCJAC0001,009009,1935,12,11.2,Y
IDCJAC0001,009009,1936,01,4.1,Y
IDCJAC0001,009009,1936,02,0.5,Y
IDCJAC0001,009009,1936,03,3.8,Y
IDCJAC0001,009009,1936,04,16.0,Y
IDCJAC0001,009009,1936,05,116.1,Y
IDCJAC0001,009009,1936,06,184.3,Y
IDCJAC0001,009009,1936,07,116.8,Y
IDCJAC0001,009009,1936,08,226.5,Y
IDCJAC0001,009009,1936,09,50.2,Y
IDCJAC0001,009009,1936,10,36.1,Y
IDCJAC0001,009009,1936,11,0.0,Y
IDCJAC0001,009009,1936,12,18.3,Y
IDCJAC0001,009009,1937,01,0.0,Y
IDCJAC0001,009009,1937,02,2.8,Y
IDCJAC0001,009009,1937,03,5.0,Y
IDCJAC0001,009009,1937,04,42.0,Y
IDCJAC0001,009009,1937,05,167.0,Y
IDCJAC0001,009009,1937,06,95.5,Y
IDCJAC0001,009009,1937,07,47.1,Y
IDCJAC0001,009009,1937,08,151.2,Y
IDCJAC0001,009009,1937,09,73.3,Y
IDCJAC0001,009009,1937,10,18.2,Y
IDCJAC0001,009009,1937,11,16.0,Y
IDCJAC0001,009009,1937,12,3.1,Y
IDCJAC0001,009009,1938,01,2.5,Y
IDCJAC0001,009009,1938,02,2.3,Y
IDCJAC0001,009009,1938,03,30.1,Y
IDCJAC0001,009009,1938,04,48.8,Y
IDCJAC0001,009009,1938,05,73.0,Y
IDCJAC0001,009009,1938,06,86.5,Y
IDCJAC0001,009009,1938,07,173.9,Y
IDCJAC0001,009009,1938,08,85.7,Y
IDCJAC0001,009009,1938,09,82.7,Y
IDCJAC0001,009009,1938,10,44.1,Y
IDCJAC0001,009009,1938,11,38.2,Y
IDCJAC0001,009009,1938,12,1.3,Y
IDCJAC0001,009009,1939,01,19.1,Y
IDCJAC0001,009009,1939,02,48.2,Y
IDCJAC0001,009009,1939,03,2.0,Y
IDCJAC0001,009009,1939,04,4.1,Y
IDCJAC0001,009009,1939,05,123.6,Y
IDCJAC0001,009009,1939,06,190.2,Y
IDCJAC0001,009009,1939,07,232.6,Y
IDCJAC0001,009009,1939,08,199.2,Y
IDCJAC0001,009009,1939,09,10.2,Y
IDCJAC0001,009009,1939,10,40.1,Y
IDCJAC0001,009009,1939,11,58.4,Y
IDCJAC0001,009009,1939,12,2.5,Y
IDCJAC0001,009009,1940,01,40.0,Y
IDCJAC0001,009009,1940,02,0.0,Y
IDCJAC0001,009009,1940,03,5.3,Y
IDCJAC0001,009009,1940,04,6.1,Y
IDCJAC0001,009009,1940,05,43.2,Y
IDCJAC0001,009009,1940,06,88.2,Y
IDCJAC0001,009009,1940,07,113.8,Y
IDCJAC0001,009009,1940,08,60.6,Y
IDCJAC0001,009009,1940,09,62.2,Y
IDCJAC0001,009009,1940,10,53.1,Y
IDCJAC0001,009009,1940,11,10.6,Y
IDCJAC0001,009009,1940,12,33.6,Y
IDCJAC0001,009009,1941,01,0.0,Y
IDCJAC0001,009009,1941,02,0.0,Y
IDCJAC0001,009009,1941,03,6.4,Y
IDCJAC0001,009009,1941,04,89.0,Y
IDCJAC0001,009009,1941,05,79.1,Y
IDCJAC0001,009009,1941,06,196.3,Y
IDCJAC0001,009009,1941,07,157.2,Y
IDCJAC0001,009009,1941,08,121.7,Y
IDCJAC0001,009009,1941,09,135.8,Y
IDCJAC0001,009009,1941,10,58.0,Y
IDCJAC0001,009009,1941,11,45.7,Y
IDCJAC0001,009009,1941,12,4.3,Y
IDCJAC0001,009009,1942,01,6.9,Y
IDCJAC0001,009009,1942,02,1.5,Y
IDCJAC0001,009009,1942,03,59.9,Y
IDCJAC0001,009009,1942,04,56.2,Y
IDCJAC0001,009009,1942,05,96.8,Y
IDCJAC0001,009009,1942,06,179.1,Y
IDCJAC0001,009009,1942,07,135.4,Y
IDCJAC0001,009009,1942,08,169.0,Y
IDCJAC0001,009009,1942,09,126.9,Y
IDCJAC0001,009009,1942,10,54.4,Y
IDCJAC0001,009009,1942,11,2.3,Y
IDCJAC0001,009009,1942,12,32.5,Y
IDCJAC0001,009009,1943,01,13.2,Y
IDCJAC0001,009009,1943,02,9.9,Y
IDCJAC0001,009009,1943,03,50.7,Y
IDCJAC0001,009009,1943,04,41.4,Y
IDCJAC0001,009009,1943,05,78.8,Y
IDCJAC0001,009009,1943,06,131.3,Y
IDCJAC0001,009009,1943,07,147.1,Y
IDCJAC0001,009009,1943,08,117.5,Y
IDCJAC0001,009009,1943,09,113.8,Y
IDCJAC0001,009009,1943,10,11.0,Y
IDCJAC0001,009009,1943,11,2.5,Y
IDCJAC0001,009009,1943,12,1.0,Y
IDCJAC0001,009009,1944,01,1.8,Y
IDCJAC0001,009009,1944,02,0.0,Y
IDCJAC0001,009009,1944,03,3.8,Y
IDCJAC0001,009009,1944,04,33.2,Y
IDCJAC0001,009009,1944,05,101.4,Y
IDCJAC0001,009009,1944,06,59.4,Y
IDCJAC0001,009009,1944,07,177.7,Y
IDCJAC0001,009009,1944,08,132.9,Y
IDCJAC0001,009009,1944,09,49.1,Y
IDCJAC0001,009009,1944,10,6.7,Y
IDCJAC0001,009009,1944,11,19.3,Y
IDCJAC0001,009009,1944,12,48.2,Y
IDCJAC0001,009009,1945,01,3.3,Y
IDCJAC0001,009009,1945,02,5.1,Y
IDCJAC0001,009009,1945,03,16.8,Y
IDCJAC0001,009009,1945,04,8.7,Y
IDCJAC0001,009009,1945,05,82.4,Y
IDCJAC0001,009009,1945,06,409.3,Y
IDCJAC0001,009009,1945,07,107.1,Y
IDCJAC0001,009009,1945,08,231.2,Y
IDCJAC0001,009009,1945,09,114.2,Y
IDCJAC0001,009009,1945,10,15.5,Y
IDCJAC0001,009009,1945,11,33.1,Y
IDCJAC0001,009009,1945,12,21.7,Y
IDCJAC0001,009009,1946,01,2.1,Y
IDCJAC0001,009009,1946,02,0.0,Y
IDCJAC0001,009009,1946,03,18.3,Y
IDCJAC0001,009009,1946,04,45.2,Y
IDCJAC0001,009009,1946,05,162.4,Y
IDCJAC0001,009009,1946,06,197.6,Y
IDCJAC0001,009009,1946,07,391.3,Y
IDCJAC0001,009009,1946,08,139.6,Y
IDCJAC0001,009009,1946,09,38.9,Y
IDCJAC0001,009009,1946,10,3.8,Y
IDCJAC0001,009009,1946,11,92.5,Y
IDCJAC0001,009009,1946,12,17.8,Y
IDCJAC0001,009009,1947,01,0.0,Y
IDCJAC0001,009009,1947,02,17.3,Y
IDCJAC0001,009009,1947,03,31.8,Y
IDCJAC0001,009009,1947,04,88.3,Y
IDCJAC0001,009009,1947,05,134.2,Y
IDCJAC0001,009009,1947,06,264.8,Y
IDCJAC0001,009009,1947,07,145.1,Y
IDCJAC0001,009009,1947,08,60.6,Y
IDCJAC0001,009009,1947,09,91.2,Y
IDCJAC0001,009009,1947,10,121.2,Y
IDCJAC0001,009009,1947,11,2.4,Y
IDCJAC0001,009009,1947,12,4.0,Y
IDCJAC0001,009009,1948,01,0.0,Y
IDCJAC0001,009009,1948,02,0.0,Y
IDCJAC0001,009009,1948,03,24.8,Y
IDCJAC0001,009009,1948,04,32.2,Y
IDCJAC0001,009009,1948,05,15.6,Y
IDCJAC0001,009009,1948,06,176.2,Y
IDCJAC0001,009009,1948,07,165.1,Y
IDCJAC0001,009009,1948,08,146.5,Y
IDCJAC0001,009009,1948,09,115.3,Y
IDCJAC0001,009009,1948,10,33.8,Y
IDCJAC0001,009009,1948,11,54.0,Y
IDCJAC0001,009009,1948,12,7.1,Y
IDCJAC0001,009009,1949,01,8.1,Y
IDCJAC0001,009009,1949,02,1.3,Y
IDCJAC0001,009009,1949,03,14.2,Y
IDCJAC0001,009009,1949,04,62.2,Y
IDCJAC0001,009009,1949,05,16.1,Y
IDCJAC0001,009009,1949,06,98.7,Y
IDCJAC0001,009009,1949,07,154.6,Y
IDCJAC0001,009009,1949,08,113.3,Y
IDCJAC0001,009009,1949,09,49.6,Y
IDCJAC0001,009009,1949,10,58.2,Y
IDCJAC0001,009009,1949,11,40.3,Y
IDCJAC0001,009009,1949,12,0.0,Y
IDCJAC0001,009009,1950,01,3.3,Y
IDCJAC0001,009009,1950,02,1.6,Y
IDCJAC0001,009009,1950,03,0.0,Y
IDCJAC0001,009009,1950,04,0.0,Y
IDCJAC0001,009009,1950,05,108.2,Y
IDCJAC0001,009009,1950,06,125.0,Y
IDCJAC0001,009009,1950,07,135.0,Y
IDCJAC0001,009009,1950,08,92.2,Y
IDCJAC0001,009009,1950,09,94.0,Y
IDCJAC0001,009009,1950,10,47.0,Y
IDCJAC0001,009009,1950,11,42.1,Y
IDCJAC0001,009009,1950,12,3.5,Y
IDCJAC0001,009009,1951,01,5.6,Y
IDCJAC0001,009009,1951,02,38.3,Y
IDCJAC0001,009009,1951,03,0.0,Y
IDCJAC0001,009009,1951,04,109.9,Y
IDCJAC0001,009009,1951,05,41.7,Y
IDCJAC0001,009009,1951,06,178.1,Y
IDCJAC0001,009009,1951,07,97.9,Y
IDCJAC0001,009009,1951,08,126.0,Y
IDCJAC0001,009009,1951,09,40.3,Y
IDCJAC0001,009009,1951,10,60.9,Y
IDCJAC0001,009009,1951,11,24.9,Y
IDCJAC0001,009009,1951,12,66.8,Y
IDCJAC0001,009009,1952,01,4.6,Y
IDCJAC0001,009009,1952,02,32.5,Y
IDCJAC0001,009009,1952,03,25.7,Y
IDCJAC0001,009009,1952,04,0.0,Y
IDCJAC0001,009009,1952,05,114.3,Y
IDCJAC0001,009009,1952,06,179.4,Y
IDCJAC0001,009009,1952,07,182.3,Y
IDCJAC0001,009009,1952,08,74.9,Y
IDCJAC0001,009009,1952,09,89.7,Y
IDCJAC0001,009009,1952,10,66.1,Y
IDCJAC0001,009009,1952,11,11.4,Y
IDCJAC0001,009009,1952,12,56.4,Y
IDCJAC0001,009009,1953,01,0.0,Y
IDCJAC0001,009009,1953,02,33.0,Y
IDCJAC0001,009009,1953,03,13.6,Y
IDCJAC0001,009009,1953,04,49.2,Y
IDCJAC0001,009009,1953,05,158.9,Y
IDCJAC0001,009009,1953,06,222.8,Y
IDCJAC0001,009009,1953,07,151.5,Y
IDCJAC0001,009009,1953,08,84.3,Y
IDCJAC0001,009009,1953,09,45.1,Y
IDCJAC0001,009009,1953,10,90.4,Y
IDCJAC0001,009009,1953,11,35.4,Y
IDCJAC0001,009009,1953,12,0.0,Y
IDCJAC0001,009009,1954,01,16.8,Y
IDCJAC0001,009009,1954,02,0.0,Y
IDCJAC0001,009009,1954,03,3.3,Y
IDCJAC0001,009009,1954,04,39.8,Y
IDCJAC0001,009009,1954,05,114.3,Y
IDCJAC0001,009009,1954,06,84.5,Y
IDCJAC0001,009009,1954,07,153.8,Y
IDCJAC0001,009009,1954,08,124.3,Y
IDCJAC0001,009009,1954,09,59.5,Y
IDCJAC0001,009009,1954,10,23.2,Y
IDCJAC0001,009009,1954,11,23.9,Y
IDCJAC0001,009009,1954,12,5.1,Y
IDCJAC0001,009009,1955,01,3.3,Y
IDCJAC0001,009009,1955,02,183.8,Y
IDCJAC0001,009009,1955,03,0.0,Y
IDCJAC0001,009009,1955,04,81.0,Y
IDCJAC0001,009009,1955,05,123.5,Y
IDCJAC0001,009009,1955,06,98.6,Y
IDCJAC0001,009009,1955,07,147.9,Y
IDCJAC0001,009009,1955,08,345.7,Y
IDCJAC0001,009009,1955,09,86.1,Y
IDCJAC0001,009009,1955,10,127.3,Y
IDCJAC0001,009009,1955,11,3.1,Y
IDCJAC0001,009009,1955,12,12.7,Y
IDCJAC0001,009009,1956,01,0.0,Y
IDCJAC0001,009009,1956,02,6.9,Y
IDCJAC0001,009009,1956,03,26.7,Y
IDCJAC0001,009009,1956,04,52.1,Y
IDCJAC0001,009009,1956,05,205.7,Y
IDCJAC0001,009009,1956,06,224.2,Y
IDCJAC0001,009009,1956,07,210.8,Y
IDCJAC0001,009009,1956,08,11.8,Y
IDCJAC0001,009009,1956,09,49.5,Y
IDCJAC0001,009009,1956,10,41.5,Y
IDCJAC0001,009009,1956,11,44.4,Y
IDCJAC0001,009009,1956,12,0.0,Y
IDCJAC0001,009009,1957,01,9.4,Y
IDCJAC0001,009009,1957,02,0.0,Y
IDCJAC0001,009009,1957,03,6.3,Y
IDCJAC0001,009009,1957,04,49.0,Y
IDCJAC0001,009009,1957,05,123.0,Y
IDCJAC0001,009009,1957,06,329.9,Y
IDCJAC0001,009009,1957,07,83.9,Y
IDCJAC0001,009009,1957,08,146.4,Y
IDCJAC0001,009009,1957,09,40.2,Y
IDCJAC0001,009009,1957,10,52.4,Y
IDCJAC0001,009009,1957,11,0.0,Y
IDCJAC0001,009009,1957,12,7.9,Y
IDCJAC0001,009009,1958,01,10.1,Y
IDCJAC0001,009009,1958,02,0.0,Y
IDCJAC0001,009009,1958,03,0.0,Y
IDCJAC0001,009009,1958,04,35.1,Y
IDCJAC0001,009009,1958,05,105.7,Y
IDCJAC0001,009009,1958,06,42.6,Y
IDCJAC0001,009009,1958,07,433.6,Y
IDCJAC0001,009009,1958,08,53.6,Y
IDCJAC0001,009009,1958,09,56.5,Y
IDCJAC0001,009009,1958,10,63.6,Y
IDCJAC0001,009009,1958,11,28.7,Y
IDCJAC0001,009009,1958,12,7.3,Y
IDCJAC0001,009009,1959,01,2.5,Y
IDCJAC0001,009009,1959,02,2.3,Y
IDCJAC0001,009009,1959,03,14.9,Y
IDCJAC0001,009009,1959,04,31.5,Y
IDCJAC0001,009009,1959,05,37.5,Y
IDCJAC0001,009009,1959,06,170.0,Y
IDCJAC0001,009009,1959,07,83.0,Y
IDCJAC0001,009009,1959,08,132.1,Y
IDCJAC0001,009009,1959,09,25.3,Y
IDCJAC0001,009009,1959,10,74.0,Y
IDCJAC0001,009009,1959,11,38.4,Y
IDCJAC0001,009009,1959,12,1.8,Y
IDCJAC0001,009009,1960,01,46.0,Y
IDCJAC0001,009009,1960,02,7.1,Y
IDCJAC0001,009009,1960,03,48.9,Y
IDCJAC0001,009009,1960,04,21.3,Y
IDCJAC0001,009009,1960,05,154.6,Y
IDCJAC0001,009009,1960,06,142.9,Y
IDCJAC0001,009009,1960,07,225.3,Y
IDCJAC0001,009009,1960,08,77.2,Y
IDCJAC0001,009009,1960,09,71.5,Y
IDCJAC0001,009009,1960,10,17.5,Y
IDCJAC0001,009009,1960,11,6.4,Y
IDCJAC0001,009009,1960,12,6.8,Y
IDCJAC0001,009009,1961,01,20.5,Y
IDCJAC0001,009009,1961,02,4.6,Y
IDCJAC0001,009009,1961,03,51.2,Y
IDCJAC0001,009009,1961,04,136.0,Y
IDCJAC0001,009009,1961,05,44.2,Y
IDCJAC0001,009009,1961,06,179.3,Y
IDCJAC0001,009009,1961,07,169.4,Y
IDCJAC0001,009009,1961,08,150.6,Y
IDCJAC0001,009009,1961,09,43.7,Y
IDCJAC0001,009009,1961,10,33.8,Y
IDCJAC0001,009009,1961,11,2.8,Y
IDCJAC0001,009009,1961,12,23.3,Y
IDCJAC0001,009009,1962,01,5.5,Y
IDCJAC0001,009009,1962,02,5.3,Y
IDCJAC0001,009009,1962,03,0.0,Y
IDCJAC0001,009009,1962,04,11.4,Y
IDCJAC0001,009009,1962,05,199.9,Y
IDCJAC0001,009009,1962,06,196.5,Y
IDCJAC0001,009009,1962,07,155.5,Y
IDCJAC0001,009009,1962,08,81.9,Y
IDCJAC0001,009009,1962,09,72.8,Y
IDCJAC0001,009009,1962,10,73.9,Y
IDCJAC0001,009009,1962,11,52.4,Y
IDCJAC0001,009009,1962,12,12.9,Y
IDCJAC0001,009009,1963,01,2.3,Y
IDCJAC0001,009009,1963,02,17.3,Y
IDCJAC0001,009009,1963,03,11.7,Y
IDCJAC0001,009009,1963,04,52.3,Y
IDCJAC0001,009009,1963,05,176.4,Y
IDCJAC0001,009009,1963,06,307.0,Y
IDCJAC0001,009009,1963,07,199.5,Y
IDCJAC0001,009009,1963,08,206.7,Y
IDCJAC0001,009009,1963,09,75.5,Y
IDCJAC0001,009009,1963,10,45.1,Y
IDCJAC0001,009009,1963,11,5.4,Y
IDCJAC0001,009009,1963,12,0.0,Y
IDCJAC0001,009009,1964,01,0.0,Y
IDCJAC0001,009009,1964,02,14.0,Y
IDCJAC0001,009009,1964,03,6.7,Y
IDCJAC0001,009009,1964,04,114.3,Y
IDCJAC0001,009009,1964,05,15.5,Y
IDCJAC0001,009009,1964,06,338.8,Y
IDCJAC0001,009009,1964,07,328.8,Y
IDCJAC0001,009009,1964,08,191.1,Y
IDCJAC0001,009009,1964,09,85.2,Y
IDCJAC0001,009009,1964,10,53.7,Y
IDCJAC0001,009009,1964,11,6.3,Y
IDCJAC0001,009009,1964,12,23.3,Y
IDCJAC0001,009009,1965,01,1.5,Y
IDCJAC0001,009009,1965,02,1.5,Y
IDCJAC0001,009009,1965,03,15.0,Y
IDCJAC0001,009009,1965,04,24.2,Y
IDCJAC0001,009009,1965,05,136.0,Y
IDCJAC0001,009009,1965,06,188.0,Y
IDCJAC0001,009009,1965,07,179.5,Y
IDCJAC0001,009009,1965,08,166.3,Y
IDCJAC0001,009009,1965,09,86.0,Y
IDCJAC0001,009009,1965,10,128.2,Y
IDCJAC0001,009009,1965,11,42.9,Y
IDCJAC0001,009009,1965,12,37.5,Y
IDCJAC0001,009009,1966,01,11.3,Y
IDCJAC0001,009009,1966,02,15.5,Y
IDCJAC0001,009009,1966,03,12.2,Y
IDCJAC0001,009009,1966,04,39.9,Y
IDCJAC0001,009009,1966,05,43.8,Y
IDCJAC0001,009009,1966,06,138.2,Y
IDCJAC0001,009009,1966,07,187.1,Y
IDCJAC0001,009009,1966,08,72.9,Y
IDCJAC0001,009009,1966,09,77.8,Y
IDCJAC0001,009009,1966,10,58.0,Y
IDCJAC0001,009009,1966,11,15.3,Y
IDCJAC0001,009009,1966,12,13.7,Y
IDCJAC0001,009009,1967,01,4.8,Y
IDCJAC0001,009009,1967,02,2.9,Y
IDCJAC0001,009009,1967,03,8.6,Y
IDCJAC0001,009009,1967,04,73.2,Y
IDCJAC0001,009009,1967,05,222.6,Y
IDCJAC0001,009009,1967,06,199.8,Y
IDCJAC0001,009009,1967,07,170.4,Y
IDCJAC0001,009009,1967,08,129.1,Y
IDCJAC0001,009009,1967,09,43.1,Y
IDCJAC0001,009009,1967,10,30.2,Y
IDCJAC0001,009009,1967,11,14.7,Y
IDCJAC0001,009009,1967,12,20.6,Y
IDCJAC0001,009009,1968,01,25.4,Y
IDCJAC0001,009009,1968,02,17.5,Y
IDCJAC0001,009009,1968,03,39.9,Y
IDCJAC0001,009009,1968,04,70.6,Y
IDCJAC0001,009009,1968,05,51.0,Y
IDCJAC0001,009009,1968,06,237.8,Y
IDCJAC0001,009009,1968,07,186.0,Y
IDCJAC0001,009009,1968,08,104.4,Y
IDCJAC0001,009009,1968,09,155.1,Y
IDCJAC0001,009009,1968,10,67.5,Y
IDCJAC0001,009009,1968,11,7.9,Y
IDCJAC0001,009009,1968,12,4.0,Y
IDCJAC0001,009009,1969,01,10.2,Y
IDCJAC0001,009009,1969,02,20.8,Y
IDCJAC0001,009009,1969,03,20.8,Y
IDCJAC0001,009009,1969,04,61.2,Y
IDCJAC0001,009009,1969,05,69.4,Y
IDCJAC0001,009009,1969,06,156.8,Y
IDCJAC0001,009009,1969,07,88.1,Y
IDCJAC0001,009009,1969,08,52.2,Y
IDCJAC0001,009009,1969,09,20.5,Y
IDCJAC0001,009009,1969,10,2.5,Y
IDCJAC0001,009009,1969,11,25.4,Y
IDCJAC0001,009009,1969,12,5.8,Y
IDCJAC0001,009009,1970,01,0.5,Y
IDCJAC0001,009009,1970,02,47.9,Y
IDCJAC0001,009009,1970,03,0.0,Y
IDCJAC0001,009009,1970,04,59.7,Y
IDCJAC0001,009009,1970,05,90.4,Y
IDCJAC0001,009009,1970,06,234.8,Y
IDCJAC0001,009009,1970,07,121.5,Y
IDCJAC0001,009009,1970,08,80.2,Y
IDCJAC0001,009009,1970,09,75.1,Y
IDCJAC0001,009009,1970,10,53.1,Y
IDCJAC0001,009009,1970,11,16.3,Y
IDCJAC0001,009009,1970,12,10.9,Y
IDCJAC0001,009009,1971,01,16.5,Y
IDCJAC0001,009009,1971,02,13.5,Y
IDCJAC0001,009009,1971,03,95.3,Y
IDCJAC0001,009009,1971,04,10.8,Y
IDCJAC0001,009009,1971,05,76.3,Y
IDCJAC0001,009009,1971,06,90.8,Y
IDCJAC0001,009009,1971,07,107.2,Y
IDCJAC0001,009009,1971,08,112.5,Y
IDCJAC0001,009009,1971,09,153.0,Y
IDCJAC0001,009009,1971,10,83.4,Y
IDCJAC0001,009009,1971,11,12.0,Y
IDCJAC0001,009009,1971,12,0.5,Y
IDCJAC0001,009009,1972,01,0.8,Y
IDCJAC0001,009009,1972,02,2.5,Y
IDCJAC0001,009009,1972,03,1.3,Y
IDCJAC0001,009009,1972,04,29.5,Y
IDCJAC0001,009009,1972,05,61.5,Y
IDCJAC0001,009009,1972,06,138.4,Y
IDCJAC0001,009009,1972,07,118.5,Y
IDCJAC0001,009009,1972,08,164.8,Y
IDCJAC0001,009009,1972,09,63.4,Y
IDCJAC0001,009009,1972,10,44.7,Y
IDCJAC0001,009009,1972,11,2.1,Y
IDCJAC0001,009009,1972,12,0.0,Y
IDCJAC0001,009009,1973,01,9.4,Y
IDCJAC0001,009009,1973,02,3.0,Y
IDCJAC0001,009009,1973,03,0.0,Y
IDCJAC0001,009009,1973,04,44.7,Y
IDCJAC0001,009009,1973,05,99.2,Y
IDCJAC0001,009009,1973,06,185.8,Y
IDCJAC0001,009009,1973,07,203.0,Y
IDCJAC0001,009009,1973,08,155.5,Y
IDCJAC0001,009009,1973,09,160.4,Y
IDCJAC0001,009009,1973,10,34.1,Y
IDCJAC0001,009009,1973,11,7.9,Y
IDCJAC0001,009009,1973,12,0.5,Y
IDCJAC0001,009009,1974,01,0.4,Y
IDCJAC0001,009009,1974,02,53.0,Y
IDCJAC0001,009009,1974,03,0.0,Y
IDCJAC0001,009009,1974,04,149.1,Y
IDCJAC0001,009009,1974,05,190.0,Y
IDCJAC0001,009009,1974,06,151.8,Y
IDCJAC0001,009009,1974,07,229.1,Y
IDCJAC0001,009009,1974,08,109.2,Y
IDCJAC0001,009009,1974,09,42.6,Y
IDCJAC0001,009009,1974,10,87.4,Y
IDCJAC0001,009009,1974,11,12.5,Y
IDCJAC0001,009009,1974,12,0.8,Y
IDCJAC0001,009009,1975,01,0.0,Y
IDCJAC0001,009009,1975,02,0.0,Y
IDCJAC0001,009009,1975,03,14.9,Y
IDCJAC0001,009009,1975,04,47.6,Y
IDCJAC0001,009009,1975,05,95.2,Y
IDCJAC0001,009009,1975,06,118.2,Y
IDCJAC0001,009009,1975,07,242.9,Y
IDCJAC0001,009009,1975,08,89.4,Y
IDCJAC0001,009009,1975,09,79.1,Y
IDCJAC0001,009009,1975,10,42.4,Y
IDCJAC0001,009009,1975,11,24.4,Y
IDCJAC0001,009009,1975,12,0.0,Y
IDCJAC0001,009009,1976,01,19.7,Y
IDCJAC0001,009009,1976,02,29.8,Y
IDCJAC0001,009009,1976,03,1.0,Y
IDCJAC0001,009009,1976,04,74.5,Y
IDCJAC0001,009009,1976,05,90.6,Y
IDCJAC0001,009009,1976,06,78.6,Y
IDCJAC0001,009009,1976,07,45.8,Y
IDCJAC0001,009009,1976,08,156.7,Y
IDCJAC0001,009009,1976,09,76.2,Y
IDCJAC0001,009009,1976,10,28.3,Y
IDCJAC0001,009009,1976,11,50.2,Y
IDCJAC0001,009009,1976,12,4.6,Y
IDCJAC0001,009009,1977,01,4.0,Y
IDCJAC0001,009009,1977,02,4.2,Y
IDCJAC0001,009009,1977,03,1.6,Y
IDCJAC0001,009009,1977,04,4.0,Y
IDCJAC0001,009009,1977,05,100.1,Y
IDCJAC0001,009009,1977,06,68.7,Y
IDCJAC0001,009009,1977,07,60.8,Y
IDCJAC0001,009009,1977,08,151.2,Y
IDCJAC0001,009009,1977,09,33.5,Y
IDCJAC0001,009009,1977,10,110.9,Y
IDCJAC0001,009009,1977,11,6.7,Y
IDCJAC0001,009009,1977,12,0.6,Y
IDCJAC0001,009009,1978,01,12.9,Y
IDCJAC0001,009009,1978,02,25.4,Y
IDCJAC0001,009009,1978,03,11.1,Y
IDCJAC0001,009009,1978,04,25.4,Y
IDCJAC0001,009009,1978,05,122.7,Y
IDCJAC0001,009009,1978,06,163.3,Y
IDCJAC0001,009009,1978,07,194.2,Y
IDCJAC0001,009009,1978,08,34.9,Y
IDCJAC0001,009009,1978,09,83.5,Y
IDCJAC0001,009009,1978,10,26.3,Y
IDCJAC0001,009009,1978,11,15.8,Y
IDCJAC0001,009009,1978,12,18.7,Y
IDCJAC0001,009009,1979,01,0.3,Y
IDCJAC0001,009009,1979,02,6.8,Y
IDCJAC0001,009009,1979,03,19.8,Y
IDCJAC0001,009009,1979,04,47.8,Y
IDCJAC0001,009009,1979,05,51.8,Y
IDCJAC0001,009009,1979,06,154.3,Y
IDCJAC0001,009009,1979,07,92.5,Y
IDCJAC0001,009009,1979,08,97.3,Y
IDCJAC0001,009009,1979,09,45.9,Y
IDCJAC0001,009009,1979,10,28.4,Y
IDCJAC0001,009009,1979,11,76.5,Y
IDCJAC0001,009009,1979,12,2.8,Y
IDCJAC0001,009009,1980,01,0.4,Y
IDCJAC0001,009009,1980,02,3.8,Y
IDCJAC0001,009009,1980,03,5.1,Y
IDCJAC0001,009009,1980,04,72.5,Y
IDCJAC0001,009009,1980,05,95.4,Y
IDCJAC0001,009009,1980,06,126.5,Y
IDCJAC0001,009009,1980,07,165.7,Y
IDCJAC0001,009009,1980,08,109.6,Y
IDCJAC0001,009009,1980,09,84.9,Y
IDCJAC0001,009009,1980,10,46.4,Y
IDCJAC0001,009009,1980,11,14.6,Y
IDCJAC0001,009009,1980,12,14.1,Y
IDCJAC0001,009009,1981,01,0.0,Y
IDCJAC0001,009009,1981,02,13.4,Y
IDCJAC0001,009009,1981,03,5.0,Y
IDCJAC0001,009009,1981,04,16.6,Y
IDCJAC0001,009009,1981,05,233.0,Y
IDCJAC0001,009009,1981,06,203.7,Y
IDCJAC0001,009009,1981,07,140.6,Y
IDCJAC0001,009009,1981,08,145.1,Y
IDCJAC0001,009009,1981,09,64.9,Y
IDCJAC0001,009009,1981,10,55.2,Y
IDCJAC0001,009009,1981,11,34.4,Y
IDCJAC0001,009009,1981,12,8.2,Y
IDCJAC0001,009009,1982,01,64.6,Y
IDCJAC0001,009009,1982,02,1.8,Y
IDCJAC0001,009009,1982,03,19.2,Y
IDCJAC0001,009009,1982,04,0.0,Y
IDCJAC0001,009009,1982,05,55.8,Y
IDCJAC0001,009009,1982,06,176.7,Y
IDCJAC0001,009009,1982,07,115.7,Y
IDCJAC0001,009009,1982,08,126.9,Y
IDCJAC0001,009009,1982,09,84.6,Y
IDCJAC0001,009009,1982,10,35.4,Y
IDCJAC0001,009009,1982,11,4.0,Y
IDCJAC0001,009009,1982,12,14.1,Y
IDCJAC0001,009009,1983,01,0.0,Y
IDCJAC0001,009009,1983,02,10.1,Y
IDCJAC0001,009009,1983,03,56.0,Y
IDCJAC0001,009009,1983,04,9.1,Y
IDCJAC0001,009009,1983,05,18.3,Y
IDCJAC0001,009009,1983,06,235.1,Y
IDCJAC0001,009009,1983,07,174.0,Y
IDCJAC0001,009009,1983,08,142.0,Y
IDCJAC0001,009009,1983,09,100.8,Y
IDCJAC0001,009009,1983,10,12.8,Y
IDCJAC0001,009009,1983,11,75.2,Y
IDCJAC0001,009009,1983,12,25.6,Y
IDCJAC0001,009009,1984,01,1.0,Y
IDCJAC0001,009009,1984,02,4.5,Y
IDCJAC0001,009009,1984,03,49.2,Y
IDCJAC0001,009009,1984,04,37.0,Y
IDCJAC0001,009009,1984,05,197.3,Y
IDCJAC0001,009009,1984,06,79.9,Y
IDCJAC0001,009009,1984,07,93.3,Y
IDCJAC0001,009009,1984,08,158.9,Y
IDCJAC0001,009009,1984,09,86.6,Y
IDCJAC0001,009009,1984,10,36.2,Y
IDCJAC0001,009009,1984,11,77.2,Y
IDCJAC0001,009009,1984,12,22.2,Y
IDCJAC0001,009009,1985,01,0.0,Y
IDCJAC0001,009009,1985,02,48.2,Y
IDCJAC0001,009009,1985,03,26.3,Y
IDCJAC0001,009009,1985,04,38.7,Y
IDCJAC0001,009009,1985,05,47.3,Y
IDCJAC0001,009009,1985,06,43.3,Y
IDCJAC0001,009009,1985,08,94.7,Y
IDCJAC0001,009009,1985,09,62.8,Y
IDCJAC0001,009009,1985,10,33.2,Y
IDCJAC0001,009009,1985,11,20.4,Y
IDCJAC0001,009009,1985,12,6.7,Y
IDCJAC0001,009009,1986,01,5.1,Y
IDCJAC0001,009009,1986,02,109.7,Y
IDCJAC0001,009009,1986,03,31.6,Y
IDCJAC0001,009009,1986,04,1.4,Y
IDCJAC0001,009009,1986,05,130.5,Y
IDCJAC0001,009009,1986,06,145.7,Y
IDCJAC0001,009009,1986,07,174.6,Y
IDCJAC0001,009009,1986,08,123.8,Y
IDCJAC0001,009009,1986,09,44.8,Y
IDCJAC0001,009009,1986,10,48.4,Y
IDCJAC0001,009009,1986,11,17.4,Y
IDCJAC0001,009009,1986,12,0.8,Y
IDCJAC0001,009009,1987,01,1.4,Y
IDCJAC0001,009009,1987,02,0.4,Y
IDCJAC0001,009009,1987,03,13.2,Y
IDCJAC0001,009009,1987,04,68.9,Y
IDCJAC0001,009009,1987,05,93.5,Y
IDCJAC0001,009009,1987,06,169.4,Y
IDCJAC0001,009009,1987,07,182.4,Y
IDCJAC0001,009009,1987,08,95.8,Y
IDCJAC0001,009009,1987,09,67.5,Y
IDCJAC0001,009009,1987,10,19.8,Y
IDCJAC0001,009009,1987,11,44.7,Y
IDCJAC0001,009009,1987,12,26.2,Y
IDCJAC0001,009009,1988,01,0.0,Y
IDCJAC0001,009009,1988,02,0.0,Y
IDCJAC0001,009009,1988,03,9.7,Y
IDCJAC0001,009009,1988,04,35.3,Y
IDCJAC0001,009009,1988,05,120.9,Y
IDCJAC0001,009009,1988,06,160.6,Y
IDCJAC0001,009009,1988,07,176.1,Y
IDCJAC0001,009009,1988,08,127.2,Y
IDCJAC0001,009009,1988,09,98.3,Y
IDCJAC0001,009009,1988,10,61.0,Y
IDCJAC0001,009009,1988,11,52.3,Y
IDCJAC0001,009009,1988,12,14.8,Y
IDCJAC0001,009009,1989,01,15.2,Y
IDCJAC0001,009009,1989,02,14.0,Y
IDCJAC0001,009009,1989,03,0.0,Y
IDCJAC0001,009009,1989,04,32.6,Y
IDCJAC0001,009009,1989,05,99.8,Y
IDCJAC0001,009009,1989,06,55.4,Y
IDCJAC0001,009009,1989,07,143.0,Y
IDCJAC0001,009009,1989,08,74.5,Y
IDCJAC0001,009009,1989,09,70.1,Y
IDCJAC0001,009009,1989,10,97.3,Y
IDCJAC0001,009009,1989,11,3.4,Y
IDCJAC0001,009009,1989,12,7.4,Y
IDCJAC0001,009009,1990,01,134.6,Y
IDCJAC0001,009009,1990,02,64.5,Y
IDCJAC0001,009009,1990,03,25.5,Y
IDCJAC0001,009009,1990,04,68.6,Y
IDCJAC0001,009009,1990,05,41.1,Y
IDCJAC0001,009009,1990,06,76.4,Y
IDCJAC0001,009009,1990,07,161.2,Y
IDCJAC0001,009009,1990,08,101.8,Y
IDCJAC0001,009009,1990,09,60.0,Y
IDCJAC0001,009009,1990,10,61.8,Y
IDCJAC0001,009009,1990,11,11.8,Y
IDCJAC0001,009009,1990,12,13.0,Y
IDCJAC0001,009009,1991,01,0.0,Y
IDCJAC0001,009009,1991,02,25.4,Y
IDCJAC0001,009009,1991,03,2.8,Y
IDCJAC0001,009009,1991,04,61.0,Y
IDCJAC0001,009009,1991,05,77.3,Y
IDCJAC0001,009009,1991,06,241.0,Y
IDCJAC0001,009009,1991,08,70.8,Y
IDCJAC0001,009009,1991,09,92.6,Y
IDCJAC0001,009009,1992,01,14.0,Y
IDCJAC0001,009009,1992,02,10.1,Y
IDCJAC0001,009009,1992,03,0.0,Y
IDCJAC0001,009009,1992,04,5.4,Y
IDCJAC0001,009009,1992,05,54.5,Y
IDCJAC0001,009009,1992,06,166.3,Y
IDCJAC0001,009009,1992,07,80.0,Y
IDCJAC0001,009009,1993,01,0.0,Y
IDCJAC0001,009009,1993,02,2.0,Y
IDCJAC0001,009009,1993,03,0.0,Y
IDCJAC0001,009009,1993,04,18.0,Y
IDCJAC0001,009009,1993,05,93.3,Y
IDCJAC0001,009009,1993,06,39.0,Y
IDCJAC0001,009009,1993,07,124.6,Y
IDCJAC0001,009009,1993,08,139.5,Y
IDCJAC0001,009009,1993,10,12.2,Y
IDCJAC0001,009009,1993,11,24.9,Y
IDCJAC0001,009009,1993,12,2.1,Y
IDCJAC0001,009009,1994,12,0.0,Y
IDCJAC0001,009009,1996,04,16.8,Y
IDCJAC0001,009009,1996,05,62.1,Y
IDCJAC0001,009009,1996,06,183.2,Y
IDCJAC0001,009009,1996,07,216.7,Y
IDCJAC0001,009009,1996,09,137.6,Y
IDCJAC0001,009009,1996,10,44.0,Y
IDCJAC0001,009009,1996,11,49.0,Y
IDCJAC0001,009009,1996,12,22.2,Y
IDCJAC0001,009009,1997,01,0.0,Y
IDCJAC0001,009009,1997,02,20.0,Y
IDCJAC0001,009009,1997,03,45.0,Y
IDCJAC0001,009009,1997,04,25.4,Y
IDCJAC0001,009009,1997,05,97.4,Y
IDCJAC0001,009009,1997,06,86.8,Y
IDCJAC0001,009009,1997,07,105.2,Y
IDCJAC0001,009009,1997,08,147.6,Y
IDCJAC0001,009009,1997,09,72.0,Y
IDCJAC0001,009009,1997,10,38.3,Y
IDCJAC0001,009009,1997,11,10.2,Y
IDCJAC0001,009009,1997,12,0.0,Y
IDCJAC0001,009009,1998,01,0.6,Y
IDCJAC0001,009009,1998,02,0.0,Y
IDCJAC0001,009009,1998,03,25.8,Y
IDCJAC0001,009009,1998,04,10.4,Y
IDCJAC0001,009009,1998,05,59.6,Y
IDCJAC0001,009009,1998,06,153.3,Y
IDCJAC0001,009009,1998,07,90.4,Y
IDCJAC0001,009009,1998,08,145.0,Y
IDCJAC0001,009009,1998,09,114.0,Y
IDCJAC0001,009009,1998,10,37.2,Y
IDCJAC0001,009009,1998,11,10.4,Y
IDCJAC0001,009009,1998,12,14.8,Y
IDCJAC0001,009009,1999,01,49.0,Y
IDCJAC0001,009009,1999,02,0.5,Y
IDCJAC0001,009009,1999,03,51.4,Y
IDCJAC0001,009009,1999,04,6.2,Y
IDCJAC0001,009009,1999,05,153.1,Y
IDCJAC0001,009009,1999,06,142.4,Y
IDCJAC0001,009009,1999,07,100.2,Y
IDCJAC0001,009009,1999,08,124.8,Y
IDCJAC0001,009009,1999,09,121.6,Y
IDCJAC0001,009009,1999,12,10.6,Y
IDCJAC0001,009009,2000,01,85.4,Y
IDCJAC0001,009009,2000,02,0.0,Y
IDCJAC0001,009009,2000,03,55.0,Y
IDCJAC0001,009009,2000,04,31.4,Y
IDCJAC0001,009009,2000,05,27.4,Y
IDCJAC0001,009009,2000,07,161.9,Y
IDCJAC0001,009009,2000,09,45.2,Y
IDCJAC0001,009009,2000,10,8.4,Y
IDCJAC0001,009009,2000,11,11.6,Y
IDCJAC0001,009009,2000,12,0.0,Y
IDCJAC0001,009009,2001,01,1.0,Y
IDCJAC0001,009009,2001,02,6.0,Y
IDCJAC0001,009009,2001,03,4.0,Y
IDCJAC0001,009009,2001,04,7.0,Y
IDCJAC0001,009009,2001,05,98.6,Y
IDCJAC0001,009009,2001,06,20.6,Y
IDCJAC0001,009009,2001,07,145.8,Y
IDCJAC0001,009009,2001,08,92.8,Y
IDCJAC0001,009009,2001,09,103.8,Y
IDCJAC0001,009009,2001,10,37.4,Y
IDCJAC0001,009009,2001,11,7.2,Y
IDCJAC0001,009009,2001,12,0.2,Y
IDCJAC0001,009009,2002,01,16.4,Y
IDCJAC0001,009009,2002,03,0.0,Y
IDCJAC0001,009009,2002,04,49.8,Y
IDCJAC0001,009009,2002,05,42.0,Y
IDCJAC0001,009009,2002,07,141.8,Y
IDCJAC0001,009009,2002,08,87.6,Y
IDCJAC0001,009009,2002,09,58.4,Y
IDCJAC0001,009009,2002,10,43.6,Y
IDCJAC0001,009009,2002,11,14.0,Y
IDCJAC0001,009009,2002,12,4.6,Y
IDCJAC0001,009009,2003,01,1.2,Y
IDCJAC0001,009009,2003,02,2.6,Y
IDCJAC0001,009009,2003,03,18.0,Y
IDCJAC0001,009009,2003,05,123.8,Y
IDCJAC0001,009009,2003,06,167.8,Y
IDCJAC0001,009009,2003,07,134.0,Y
IDCJAC0001,009009,2003,08,117.0,Y
IDCJAC0001,009009,2003,10,24.2,Y
IDCJAC0001,009009,2003,11,27.0,Y
IDCJAC0001,009009,2003,12,2.8,Y
IDCJAC0001,009009,2004,01,2.0,Y
IDCJAC0001,009009,2004,02,0.0,Y
IDCJAC0001,009009,2004,03,9.8,Y
IDCJAC0001,009009,2004,04,9.6,Y
IDCJAC0001,009009,2004,05,117.8,Y
IDCJAC0001,009009,2004,06,134.6,Y
IDCJAC0001,009009,2004,07,96.2,Y
IDCJAC0001,009009,2004,08,132.6,Y
IDCJAC0001,009009,2004,09,44.2,Y
IDCJAC0001,009009,2004,10,62.2,Y
IDCJAC0001,009009,2004,11,38.0,Y
IDCJAC0001,009009,2004,12,1.8,Y
IDCJAC0001,009009,2005,01,0.0,Y
IDCJAC0001,009009,2005,02,5.0,Y
IDCJAC0001,009009,2005,03,31.7,Y
IDCJAC0001,009009,2005,04,16.2,Y
IDCJAC0001,009009,2005,06,206.0,Y
IDCJAC0001,009009,2005,07,58.4,Y
IDCJAC0001,009009,2005,08,121.2,Y
IDCJAC0001,009009,2005,09,106.8,Y
IDCJAC0001,009009,2005,10,59.8,Y
IDCJAC0001,009009,2005,11,16.8,Y
IDCJAC0001,009009,2006,01,67.8,Y
IDCJAC0001,009009,2006,03,0.4,Y
IDCJAC0001,009009,2006,04,26.4,Y
IDCJAC0001,009009,2006,05,47.2,Y
IDCJAC0001,009009,2006,06,32.2,Y
IDCJAC0001,009009,2006,07,107.2,Y
IDCJAC0001,009009,2006,08,156.4,Y
IDCJAC0001,009009,2006,09,86.6,Y
IDCJAC0001,009009,2006,11,16.7,Y
IDCJAC0001,009009,2006,12,12.2,Y
IDCJAC0001,009009,2007,01,17.0,Y
IDCJAC0001,009009,2007,02,0.6,Y
IDCJAC0001,009009,2007,03,12.6,Y
IDCJAC0001,009009,2007,04,51.2,Y
IDCJAC0001,009009,2007,05,70.0,Y
IDCJAC0001,009009,2007,06,59.4,Y
IDCJAC0001,009009,2007,08,140.8,Y
IDCJAC0001,009009,2007,09,106.6,Y
IDCJAC0001,009009,2007,10,42.0,Y
IDCJAC0001,009009,2007,11,3.6,Y
IDCJAC0001,009009,2007,12,27.4,Y
IDCJAC0001,009009,2008,01,0.0,Y
IDCJAC0001,009009,2008,02,45.6,Y
IDCJAC0001,009009,2008,03,15.4,Y
IDCJAC0001,009009,2008,04,79.6,Y
IDCJAC0001,009009,2008,05,71.0,Y
IDCJAC0001,009009,2008,06,103.2,Y
IDCJAC0001,009009,2008,07,202.0,Y
IDCJAC0001,009009,2008,09,84.0,Y
IDCJAC0001,009009,2008,10,71.2,Y
IDCJAC0001,009009,2008,11,48.6,Y
IDCJAC0001,009009,2009,01,0.0,Y
IDCJAC0001,009009,2009,02,6.2,Y
IDCJAC0001,009009,2009,03,9.2,Y
IDCJAC0001,009009,2009,04,25.2,Y
IDCJAC0001,009009,2009,05,42.4,Y
IDCJAC0001,009009,2009,06,157.0,Y
IDCJAC0001,009009,2009,07,173.4,Y
IDCJAC0001,009009,2009,08,111.6,Y
IDCJAC0001,009009,2009,09,119.0,Y
IDCJAC0001,009009,2009,10,15.6,Y
IDCJAC0001,009009,2009,11,32.4,Y
IDCJAC0001,009009,2009,12,0.2,Y
IDCJAC0001,009009,2010,01,0.0,Y
IDCJAC0001,009009,2010,02,0.0,Y
IDCJAC0001,009009,2010,03,25.6,Y
IDCJAC0001,009009,2010,04,13.0,Y
IDCJAC0001,009009,2010,05,66.0,Y
IDCJAC0001,009009,2010,06,35.0,Y
IDCJAC0001,009009,2010,07,151.8,Y
IDCJAC0001,009009,2010,08,69.6,Y
IDCJAC0001,009009,2010,10,15.0,Y
IDCJAC0001,009009,2010,11,8.8,Y
IDCJAC0001,009009,2010,12,21.4,Y
IDCJAC0001,009009,2011,01,14.6,Y
IDCJAC0001,009009,2011,02,0.0,Y
IDCJAC0001,009009,2011,03,0.0,Y
IDCJAC0001,009009,2011,04,13.8,Y
IDCJAC0001,009009,2011,05,65.0,Y
IDCJAC0001,009009,2011,06,95.0,Y
IDCJAC0001,009009,2011,07,151.7,Y
IDCJAC0001,009009,2011,08,151.8,Y
IDCJAC0001,009009,2011,09,112.8,Y
IDCJAC0001,009009,2011,10,56.3,Y
IDCJAC0001,009009,2011,11,28.6,Y
IDCJAC0001,009009,2011,12,37.6,Y
IDCJAC0001,009009,2012,01,7.0,Y
IDCJAC0001,009009,2012,02,31.2,Y
IDCJAC0001,009009,2012,03,0.0,Y
IDCJAC0001,009009,2012,04,46.2,Y
IDCJAC0001,009009,2012,05,32.2,Y
IDCJAC0001,009009,2012,06,150.0,Y
IDCJAC0001,009009,2012,07,26.2,Y
IDCJAC0001,009009,2012,08,103.6,Y
IDCJAC0001,009009,2012,10,12.6,Y
IDCJAC0001,009009,2012,11,61.6,Y
IDCJAC0001,009009,2012,12,26.6,Y
IDCJAC0001,009009,2013,01,11.4,Y
IDCJAC0001,009009,2013,02,0.4,Y
IDCJAC0001,009009,2013,03,75.0,Y
IDCJAC0001,009009,2013,04,13.8,Y
IDCJAC0001,009009,2013,05,94.0,Y
IDCJAC0001,009009,2013,07,128.5,Y
IDCJAC0001,009009,2013,09,179.7,Y
IDCJAC0001,009009,2013,10,28.8,Y
IDCJAC0001,009009,2013,11,4.4,Y
IDCJAC0001,009009,2013,12,2.6,Y
IDCJAC0001,009009,2014,02,0.0,Y
IDCJAC0001,009009,2014,03,14.0,Y
IDCJAC0001,009009,2014,04,30.4,Y
IDCJAC0001,009009,2014,05,144.0,Y
IDCJAC0001,009009,2014,06,104.8,Y
IDCJAC0001,009009,2014,07,133.4,Y
IDCJAC0001,009009,2014,08,76.9,Y
IDCJAC0001,009009,2014,09,92.6,Y
IDCJAC0001,009009,2014,10,21.6,Y
IDCJAC0001,009009,2014,11,22.3,Y
IDCJAC0001,009009,2014,12,0.0,Y
IDCJAC0001,009009,2015,01,1.2,Y
IDCJAC0001,009009,2015,02,29.2,Y
IDCJAC0001,009009,2015,03,43.2,Y
IDCJAC0001,009009,2015,04,47.0,Y
IDCJAC0001,009009,2015,05,68.8,Y
IDCJAC0001,009009,2015,06,18.5,Y
IDCJAC0001,009009,2015,07,89.1,Y
IDCJAC0001,009009,2015,08,113.4,Y
IDCJAC0001,009009,2015,09,46.4,Y
IDCJAC0001,009009,2015,10,23.6,Y
IDCJAC0001,009009,2015,11,3.0,Y
IDCJAC0001,009009,2015,12,17.0,Y
IDCJAC0001,009009,2016,01,50.6,Y
IDCJAC0001,009009,2016,02,4.8,Y
IDCJAC0001,009009,2016,03,100.0,Y
IDCJAC0001,009009,2016,04,77.6,Y
IDCJAC0001,009009,2016,05,117.2,Y
IDCJAC0001,009009,2016,06,87.8,Y
IDCJAC0001,009009,2016,07,107.6,Y
IDCJAC0001,009009,2016,08,146.2,Y
IDCJAC0001,009009,2016,09,62.5,Y
IDCJAC0001,009009,2016,10,57.3,Y
IDCJAC0001,009009,2016,11,23.0,Y
IDCJAC0001,009009,2016,12,12.7,Y
IDCJAC0001,009009,2017,02,82.0,Y
IDCJAC0001,009009,2017,03,23.0,Y
IDCJAC0001,009009,2017,04,0.4,Y
IDCJAC0001,009009,2017,05,48.2,Y
IDCJAC0001,009009,2017,06,27.0,Y
IDCJAC0001,009009,2017,07,189.2,Y
IDCJAC0001,009009,2017,08,155.5,Y
IDCJAC0001,009009,2017,09,107.1,Y
IDCJAC0001,009009,2017,10,33.8,Y
IDCJAC0001,009009,2017,11,2.6,Y
IDCJAC0001,009009,2017,12,48.2,Y
IDCJAC0001,009009,2018,01,80.0,Y
IDCJAC0001,009009,2018,02,0.0,Y
IDCJAC0001,009009,2018,03,3.4,Y
IDCJAC0001,009009,2018,04,12.2,Y
IDCJAC0001,009009,2018,05,90.4,Y
IDCJAC0001,009009,2018,06,114.0,Y
IDCJAC0001,009009,2018,07,147.2,Y
IDCJAC0001,009009,2018,08,225.8,Y
IDCJAC0001,009009,2018,09,26.4,Y
IDCJAC0001,009009,2018,10,63.4,Y
IDCJAC0001,009009,2018,11,0.0,Y
IDCJAC0001,009009,2018,12,8.4,N
IDCJAC0001,009009,2019,01,4.2,Y
IDCJAC0001,009009,2019,03,2.4,Y
IDCJAC0001,009009,2019,04,41.4,Y
IDCJAC0001,009009,2019,05,15.4,Y
IDCJAC0001,009009,2019,06,182.2,N
IDCJAC0001,009009,2019,07,89.1,N
IDCJAC0001,009009,2019,08,125.0,N
IDCJAC0001,009009,2019,09,37.0,Y
IDCJAC0001,009009,2019,10,25.6,Y
IDCJAC0001,009009,2019,11,13.6,Y
IDCJAC0001,009009,2019,12,2.8,Y
IDCJAC0001,009009,2020,01,1.8,Y
IDCJAC0001,009009,2020,02,29.4,Y
IDCJAC0001,009009,2020,03,13.2,Y
IDCJAC0001,009009,2020,04,12.8,Y
IDCJAC0001,009009,2020,05,77.8,N
IDCJAC0001,009009,2020,06,112.6,Y
IDCJAC0001,009009,2020,07,73.7,Y
IDCJAC0001,009009,2020,08,123.0,N
IDCJAC0001,009009,2020,09,87.4,Y
IDCJAC0001,009009,2020,10,7.8,Y
IDCJAC0001,009009,2020,11,113.2,N
IDCJAC0001,009009,2020,12,5.6,N
IDCJAC0001,009009,2021,01,4.2,Y
IDCJAC0001,009009,2021,02,27.4,N
IDCJAC0001,009009,2021,03,58.0,N
IDCJAC0001,009009,2021,04,23.4,N
IDCJAC0001,009009,2021,05,82.0,N
IDCJAC0001,009009,2021,06,81.6,N
IDCJAC0001,009009,2021,07,253.6,N
IDCJAC0001,009009,2021,08,111.2,N
