dates,Lake_City,Camden,Hillsboro,Phoenix_Area,Marshall,Subiaco,Hobart_Municipal_AP,Tucumcari_4_NE_,Death_Valley_National_Park,Hopewell,Neosho,Las_Animas,Blanding,Yosemite_National_Park_Area,Saluda,Clarksdale,Portales,Springerville,Ojai
Latitude,30.2675,33.6139,32.0728,33.6194,35.8136,35.3233,35.0417,35.2281,36.5383,37.3364,36.8681,38.1406,37.6644,37.7169,34.0542,34.3017,34.2308,34.1331,34.4503
Longitude,-82.6306,-92.8531,-97.0931,-110.9208,-82.6864,-93.6356,-99.0894,-103.7394,-117.0936,-77.2842,-94.3681,-103.2272,-109.4794,-119.6653,-81.775,-90.5644,-103.3375,-109.1331,-119.2439
1919-02-01,0.75,3.39,2.16,0.75,1.55,,1.15,0.32,0.0,2.45,2.34,0.94,1.67,8.28,4.75,2.83,0.06,1.2,2.45
1919-04-01,0.17,3.73,4.2,0.17,2.69,,7.78,3.61,0.0,4.46,2.1,5.08,0.25,,2.21,2.68,1.84,0.3,0.4
1919-06-01,0.0005,5.77,3.91,0.0005,8.56,5.52,5.17,6.39,0.0,2.32,8.85,3.57,0.0005,,8.88,3.61,3.74,0.01,
1919-08-01,2.4,6.24,7.88,2.4,1.15,1.93,0.69,2.53,0.0,4.77,1.87,1.42,1.44,0.0005,6.58,4.67,0.85,3.6,
1919-10-01,0.25,,6.93,0.25,2.95,8.93,7.94,2.31,0.0,2.42,11.39,0.94,1.77,,3.52,10.02,5.23,0.2,
1919-12-01,0.13,3.12,0.58,0.13,2.32,0.29,0.57,0.93,0.3,1.9,0.47,0.2,0.25,5.25,6.67,2.84,0.06,0.62,
1920-02-01,7.68,2.03,0.58,1.46,,0.86,0.86,0.15,,7.47,0.29,0.05,2.96,,4.35,2.03,0.44,0.6,3.5
1920-04-01,7.26,7.31,0.6,0.0,5.44,4.33,1.99,0.2,0.0,2.22,2.28,2.47,0.05,4.52,4.81,10.37,0.08,,
1920-06-01,4.6,2.57,4.57,0.0005,3.13,2.64,1.93,3.91,,7.49,3.32,0.61,0.76,,5.42,2.89,2.25,0.75,
1920-08-01,7.31,3.04,5.84,0.75,6.4,1.73,6.71,2.12,,6.23,4.84,0.44,1.76,1.36,5.16,2.99,2.46,3.05,
1920-10-01,0.83,2.56,2.1,0.46,0.38,4.27,3.59,,,1.37,6.09,1.66,1.28,4.79,0.66,2.84,0.28,,
1920-12-01,5.27,7.37,1.27,0.0005,4.6,3.08,0.55,,0.0,3.21,2.1,0.38,0.47,,2.98,,0.0005,0.21,
1921-02-01,1.13,2.72,1.83,0.11,4.24,3.87,0.95,,0.0,4.26,1.11,,0.0005,1.82,,4.04,0.36,0.0,1.47
1921-04-01,2.81,8.45,3.78,0.02,4.66,7.05,1.68,0.0005,0.0,3.88,4.74,,0.98,,3.0,8.89,0.0005,,
1921-06-01,4.95,4.57,5.52,0.04,2.65,3.88,6.57,5.88,0.0,1.83,7.38,3.15,0.74,,3.14,5.26,4.02,0.6,0.03
1921-08-01,4.0,3.62,0.7,1.62,5.1,6.13,1.12,1.95,0.0,1.59,4.7,1.99,2.38,,3.36,2.33,1.68,6.69,
1921-10-01,5.19,0.86,0.32,0.11,1.35,0.37,0.0005,0.21,0.1,1.77,0.66,,1.65,,0.93,1.58,0.0005,0.96,
1921-12-01,2.98,4.74,2.05,0.87,1.1,1.46,0.02,0.0,0.1,4.04,2.48,,2.64,,2.36,4.6,0.0,1.22,
1922-02-01,5.18,5.38,1.62,0.32,3.41,3.53,0.61,0.13,,4.79,2.01,,2.25,,6.92,5.19,0.05,0.02,
1922-04-01,0.53,6.77,11.2,0.24,,4.88,4.61,2.64,,2.39,6.5,,0.35,,6.21,5.92,4.13,1.0,
1922-06-01,5.97,3.17,1.05,0.0005,3.82,0.63,0.88,1.24,,6.13,3.52,,0.21,,,1.15,1.88,0.46,
1922-08-01,4.06,0.86,1.48,0.58,2.81,,0.07,0.67,0.4,6.86,1.31,0.7,1.52,,,0.39,0.58,3.09,0.0005
1922-10-01,4.42,0.74,2.33,0.0005,1.97,0.9,1.95,0.37,,4.36,1.47,0.0,0.1,1.51,,1.48,0.0,0.0005,
1922-12-01,2.49,2.6,0.1,0.28,5.64,6.1,0.31,0.0,,2.85,1.96,0.0005,1.5,,,6.24,0.0,0.08,
1923-02-01,1.97,4.56,3.56,0.46,1.64,5.5,0.55,0.96,,3.06,1.19,0.45,0.79,,,5.16,1.41,1.2,
1923-04-01,1.85,7.3,6.85,0.05,2.82,4.49,4.33,3.35,,3.61,4.37,0.89,0.73,,,8.83,1.63,0.39,
1923-06-01,9.11,2.41,1.85,0.0,1.99,4.55,5.84,3.55,0.0,0.77,8.2,2.77,0.08,1.44,,5.38,,0.05,0.0
1923-08-01,5.9,3.37,0.09,0.65,0.84,1.36,2.25,5.64,,5.98,0.24,4.86,3.25,,,3.69,,5.67,0.0
1923-10-01,1.14,2.37,4.55,0.22,0.4,2.97,12.94,7.51,,1.17,7.77,3.73,0.85,,1.4,4.82,,0.73,
1923-12-01,1.58,8.49,8.48,2.23,2.62,,0.84,1.64,0.0,1.47,3.52,,2.11,,4.55,7.63,,1.87,0.23
1924-02-01,3.21,3.81,1.67,0.0005,2.35,0.94,0.5,0.19,0.0,2.45,2.07,0.19,0.0,,3.25,3.4,0.16,0.47,0.06
1924-04-01,3.02,5.68,1.95,0.22,3.88,5.51,2.68,0.63,0.2,3.59,4.22,1.25,0.25,1.24,7.8,5.67,0.43,0.27,0.97
1924-06-01,7.33,2.84,0.85,0.0005,3.51,2.88,3.17,2.07,0.0,5.72,5.15,0.28,0.0005,,1.93,2.7,1.15,0.38,0.0005
1924-08-01,2.56,1.43,0.65,0.14,2.0,0.48,3.58,3.79,0.0,2.1,5.2,0.39,0.13,,3.3,0.73,3.65,0.63,0.0
1924-10-01,2.38,0.07,0.2,0.3,0.5,0.17,2.54,1.09,0.0,1.03,1.38,0.89,1.32,,2.0,0.0,1.2,0.35,
1924-12-01,2.62,4.34,1.45,1.16,3.45,2.3,0.55,0.47,,2.38,2.9,0.32,1.97,5.75,6.06,5.1,0.15,0.66,
1925-02-01,2.07,2.69,0.83,0.02,1.58,3.48,0.5,0.05,0.0,1.05,1.69,0.4,1.02,7.98,1.27,3.72,0.0,0.12,
1925-04-01,0.95,1.25,2.18,0.51,3.29,3.44,4.27,0.38,,2.57,5.26,0.32,0.79,4.34,,0.36,0.89,,
1925-06-01,9.32,0.5,0.62,0.21,,1.73,2.88,1.33,,5.25,3.85,0.98,0.8,1.99,2.17,1.49,1.87,1.27,
1925-08-01,4.58,0.62,0.62,0.61,0.27,3.25,1.73,3.36,,2.79,2.69,0.13,1.2,0.36,1.0,1.29,,4.12,
1925-10-01,3.71,5.95,5.17,0.92,3.58,7.21,1.62,2.52,0.04,3.32,3.38,0.5,1.89,,2.31,9.62,,0.86,
1925-12-01,4.84,3.18,0.2,0.4,0.98,0.32,0.1,0.25,0.0,4.27,1.15,0.25,0.6,,2.62,3.21,0.0005,0.23,
1926-02-01,1.36,2.08,0.1,0.1,2.78,1.38,0.0005,0.1,0.1,2.96,1.85,0.03,0.33,7.23,4.3,1.51,0.02,0.12,4.42
1926-04-01,3.65,2.94,6.02,3.36,2.02,1.57,4.4,3.13,0.28,2.07,1.94,0.56,4.35,7.65,1.84,2.46,1.57,1.74,9.72
1926-06-01,9.06,2.63,2.57,0.0005,2.15,2.14,1.84,1.87,0.0005,3.92,6.69,3.17,0.23,0.6,2.27,1.67,1.02,0.87,0.0
1926-08-01,7.15,3.86,0.53,0.11,6.6,,6.38,1.59,0.1,4.37,9.68,1.29,0.51,0.0005,2.24,5.78,2.91,1.46,0.0
1926-10-01,1.61,6.15,3.41,0.07,1.45,6.37,4.47,0.58,0.35,2.21,4.03,0.55,0.79,0.61,1.59,3.81,2.0,0.4,0.18
1926-12-01,1.41,7.72,3.75,2.68,3.68,4.31,3.47,1.23,0.0005,4.96,2.88,0.35,2.9,1.8,4.23,8.14,0.97,0.94,1.97
1927-02-01,6.27,3.1,2.85,1.06,3.25,,1.08,0.24,1.0,2.82,0.93,0.07,2.88,11.67,4.68,3.05,0.29,0.43,11.8
1927-04-01,0.55,8.51,4.7,0.35,4.93,17.02,3.93,0.03,0.0,3.23,8.86,0.9,,5.55,1.96,7.11,0.02,1.04,1.13
1927-06-01,11.41,4.41,7.68,0.13,3.6,5.77,2.72,4.03,0.0,2.89,9.03,1.96,2.47,0.96,4.31,6.13,2.08,1.62,0.0
1927-08-01,6.27,3.69,0.3,0.69,3.84,,1.03,4.99,0.0,6.6,7.57,1.74,1.73,0.53,1.64,5.14,2.91,3.83,0.02
1927-10-01,0.64,1.58,5.53,0.57,2.3,7.08,1.86,0.18,0.0,3.47,4.42,0.07,1.18,4.88,,2.05,0.31,0.0005,2.54
1927-12-01,3.58,3.54,1.7,1.3,6.67,,0.83,0.09,0.45,4.88,3.07,0.1,1.3,2.89,8.81,2.96,0.04,0.73,2.65
1928-02-01,6.9,2.37,4.93,1.33,,1.78,1.88,0.75,0.37,2.32,1.76,0.09,1.68,3.03,3.8,2.4,0.53,1.1,3.62
1928-04-01,10.4,7.31,4.12,0.0005,3.35,9.45,2.36,1.66,0.0,4.69,5.3,0.74,0.4,3.07,6.12,8.56,0.15,1.0,0.64
1928-06-01,8.99,7.62,8.03,0.0,6.29,10.66,4.06,1.1,0.0,6.24,13.89,3.32,0.22,0.45,4.63,4.14,2.58,0.0,0.0
1928-08-01,8.71,1.56,2.5,1.47,4.28,3.81,0.24,2.92,0.0,5.3,9.62,0.65,1.85,0.0,13.19,3.65,2.63,2.0,0.0
1928-10-01,2.95,3.19,2.45,1.51,3.4,3.28,3.33,3.08,0.1,0.27,4.7,1.81,3.96,0.29,1.55,2.58,2.67,0.43,0.05
1928-12-01,2.1,5.37,3.17,1.01,0.35,,1.29,0.77,0.1,1.48,1.99,,0.99,3.63,1.8,3.76,0.65,0.5,3.07
1929-02-01,2.89,3.55,1.98,0.28,3.85,,2.71,0.36,0.0,3.48,3.37,,1.7,3.21,10.57,5.43,0.14,0.7,2.17
1929-04-01,4.28,3.4,2.67,0.43,2.65,4.65,2.81,0.48,0.0,2.2,9.12,1.45,0.59,4.44,,3.26,0.42,0.45,1.7
1929-06-01,6.05,0.02,0.22,0.0005,2.92,6.39,2.72,0.38,0.0,8.63,8.5,0.11,0.0,3.14,5.81,2.89,1.87,,0.21
1929-08-01,6.84,0.36,0.75,2.09,2.32,0.14,0.61,1.9,0.0,4.28,0.32,3.5,2.21,0.0005,1.17,0.17,2.75,5.8,0.0
1929-10-01,0.95,1.64,1.64,0.09,5.14,5.44,2.24,0.67,0.0,7.62,5.34,0.13,0.21,0.01,11.79,4.86,1.52,1.09,0.0005
1929-12-01,4.37,4.23,4.86,0.0005,1.3,3.78,0.12,0.1,0.0,2.27,0.98,0.0,0.0005,3.4,4.89,3.18,0.0005,0.02,0.0
1930-02-01,2.72,4.73,3.66,0.19,1.85,2.34,0.0,0.0005,0.0,0.97,1.22,0.0,0.73,4.35,0.66,,0.0,0.15,1.53
1930-04-01,1.62,0.55,3.82,0.2,2.5,2.21,4.03,0.12,0.0,3.22,6.35,,1.65,3.54,,0.79,,0.0,0.29
1930-06-01,7.4,1.09,1.35,0.16,2.2,,3.72,3.49,0.0,4.91,6.65,1.52,0.4,0.32,,0.0,,0.15,0.0
1930-08-01,3.04,3.53,0.93,0.59,3.45,0.73,0.6,1.41,0.0005,0.94,2.18,2.25,1.82,0.0005,0.86,1.33,2.2,1.15,0.0005
1930-10-01,0.61,5.48,6.83,0.16,2.2,3.44,4.4,2.44,0.0,1.67,4.79,2.1,0.34,0.52,2.5,3.55,1.47,0.0,0.02
1930-12-01,3.95,4.84,2.64,0.0005,1.2,1.32,0.99,0.19,0.0,2.39,2.07,0.17,0.0,0.23,3.6,3.53,0.9,0.3,0.0
1931-02-01,2.99,4.33,3.53,3.71,1.17,6.25,1.24,1.81,0.57,1.15,2.77,0.74,1.47,3.17,2.1,7.07,0.14,0.5,3.21
1931-04-01,2.1,1.23,2.17,0.4,4.26,4.4,2.32,2.57,0.03,4.26,4.95,0.21,0.73,2.51,2.66,2.15,2.27,1.0,3.12
1931-06-01,3.62,3.8,1.27,0.02,1.51,2.01,1.42,0.17,0.1,5.65,1.93,0.0,0.39,1.01,1.83,3.71,0.13,1.14,0.0
1931-08-01,4.37,3.61,0.13,1.7,5.41,6.61,1.31,2.87,0.05,8.78,6.76,0.43,0.56,0.06,2.19,1.22,3.52,4.02,0.76
1931-10-01,0.39,0.74,1.69,0.22,0.66,2.3,3.39,1.31,0.0005,1.65,4.43,0.27,2.74,0.47,0.33,1.58,0.46,0.53,0.05
1931-12-01,2.04,11.83,3.86,0.75,,4.47,1.57,0.24,0.03,2.41,0.56,0.0,2.9,14.9,8.32,15.61,0.98,0.15,9.6
1932-02-01,1.22,5.26,5.07,2.12,3.9,4.8,1.26,0.5,0.05,1.95,1.22,0.0005,2.27,9.06,,8.51,0.41,0.35,7.16
1932-04-01,0.58,1.68,3.8,0.05,2.84,1.47,3.0,1.32,0.0,2.11,1.98,2.07,1.0,,,3.03,1.73,0.27,0.57
1932-06-01,9.52,5.74,2.0,0.23,1.86,4.77,7.91,3.27,0.02,1.76,6.02,2.93,0.67,0.24,,5.35,6.41,0.05,0.08
1932-08-01,8.07,0.05,1.23,0.1,4.57,1.27,2.48,2.28,0.0,0.55,1.18,0.32,1.57,0.02,,1.1,2.77,2.79,0.0
1932-10-01,2.29,1.31,0.67,1.73,4.72,4.41,1.9,0.57,0.02,5.11,2.95,0.0005,0.37,0.13,,2.33,0.64,1.0,0.0005
1932-12-01,0.56,9.55,3.41,1.84,4.8,6.56,4.6,0.7,0.01,4.52,7.58,0.38,1.02,3.76,,8.77,0.74,0.53,0.76
1933-02-01,4.62,7.54,2.04,0.15,3.68,2.52,1.76,0.26,0.0,2.15,0.68,0.1,0.14,,,8.62,0.42,1.23,0.0
1933-04-01,9.2,3.31,2.09,1.11,2.25,2.27,1.03,,0.0,4.63,5.73,3.21,1.26,0.93,1.19,4.6,0.0,0.8,0.4
1933-06-01,3.14,1.48,0.0,0.23,2.85,0.75,0.08,1.3,0.0005,2.02,0.47,0.28,0.24,0.47,,1.12,0.21,1.47,0.37
1933-08-01,8.98,2.23,1.25,0.38,5.57,4.37,,8.38,0.07,7.48,5.21,2.11,0.85,0.0,2.92,2.14,9.37,2.1,0.06
1933-10-01,2.48,2.28,1.79,0.38,1.37,3.39,3.22,0.24,0.0005,1.3,4.18,0.0,1.52,2.05,2.48,1.62,0.37,2.99,0.65
1933-12-01,0.86,8.86,4.52,0.0005,1.23,5.21,1.63,0.0,0.0005,2.38,2.58,0.72,0.55,6.83,0.68,7.98,0.0,0.3,5.44
1934-02-01,2.68,3.51,2.4,0.99,3.12,1.09,0.85,0.15,0.0005,3.7,1.39,0.69,1.41,6.06,,2.3,0.0005,0.26,3.2
1934-04-01,4.07,4.87,4.38,0.07,3.22,3.14,1.01,0.01,0.0,1.63,1.64,0.45,0.66,0.2,3.53,1.33,1.27,0.71,0.0
1934-06-01,8.74,1.4,0.0,0.03,2.51,2.05,2.67,0.91,0.0005,2.21,1.69,1.0,0.05,1.65,,6.81,1.02,0.26,0.34
1934-08-01,4.49,0.31,0.77,1.07,1.23,1.48,3.49,1.83,0.0005,3.41,1.9,0.34,0.57,0.1,3.28,2.41,3.28,5.95,0.0
1934-10-01,,0.0,0.39,0.0,2.94,0.6,4.45,0.49,0.55,0.46,1.92,0.0,0.15,2.22,4.87,0.98,0.87,0.0,2.09
1934-12-01,1.77,5.68,0.63,1.71,1.78,2.07,0.3,0.03,0.34,1.61,1.38,0.0,1.17,4.55,2.85,4.85,0.04,0.35,4.25
1935-02-01,2.97,3.42,3.11,3.18,2.45,1.58,0.94,0.0,,2.9,1.61,0.06,0.92,2.31,,4.28,0.0005,1.47,0.8
1935-04-01,1.99,7.41,4.52,0.09,3.42,4.29,2.45,0.02,0.0,4.34,4.09,0.45,0.78,11.99,4.32,4.85,0.0,0.57,3.62
1935-06-01,5.15,5.8,12.09,0.0,3.3,10.89,3.08,0.64,0.0,5.92,14.24,3.53,0.0,0.0,0.52,5.65,1.99,0.0,0.0
1935-08-01,11.49,0.86,0.88,1.27,3.04,1.74,1.35,3.64,0.0005,4.43,3.63,0.41,1.21,0.5,10.71,1.65,4.88,7.91,0.32
1935-10-01,0.38,3.62,5.49,0.13,1.95,6.68,1.9,0.27,0.0005,1.3,6.78,0.02,0.65,1.89,0.61,4.13,0.0005,0.0,0.74
1935-12-01,,1.96,2.11,0.39,1.02,5.75,1.84,0.24,0.11,2.03,1.53,0.32,0.71,2.82,2.3,0.89,0.2,1.4,1.96
1936-02-01,4.97,1.56,0.95,1.01,2.81,1.86,0.0,0.07,0.13,3.43,1.07,0.02,1.95,19.53,,2.23,0.2,1.27,13.29
1936-04-01,0.24,1.82,1.39,0.14,4.41,1.97,1.1,0.01,0.0,4.2,3.96,0.3,0.25,2.57,10.83,2.47,0.0005,0.3,0.75
1936-06-01,1.55,1.54,0.0005,0.0005,0.79,1.44,0.09,2.01,0.0005,2.03,1.8,0.98,0.48,1.63,3.98,1.84,2.12,1.05,0.0005
1936-08-01,10.84,0.14,0.4,0.32,,0.64,0.18,2.02,1.35,2.27,0.63,0.85,1.77,0.1,3.73,0.55,1.0,2.96,0.25
1936-10-01,7.62,4.45,3.83,0.13,4.07,6.45,1.12,0.2,0.36,1.05,4.73,0.78,1.62,1.39,2.25,4.09,0.86,0.25,3.19
1936-12-01,4.03,8.5,6.3,2.12,3.58,,0.36,0.62,0.65,4.56,3.03,0.37,2.32,10.6,6.33,6.93,0.27,0.51,7.76
1937-02-01,6.05,2.22,0.69,0.76,3.17,1.2,0.1,0.08,0.08,1.69,1.63,0.07,2.5,12.88,4.75,2.5,0.25,0.75,8.56
1937-04-01,5.57,2.15,1.36,0.0005,3.24,2.75,1.76,0.88,0.23,5.42,4.12,0.99,0.0005,2.73,6.97,3.73,0.45,0.22,0.11
1937-06-01,7.43,3.42,4.61,0.0005,4.17,,2.55,2.42,0.0005,6.3,3.85,0.99,0.0005,0.08,5.15,2.73,1.29,,0.0
1937-08-01,8.29,2.8,0.71,0.05,5.18,,8.23,,0.0,7.69,1.14,0.09,1.51,0.0,14.28,5.15,0.7,1.7,0.0
1937-10-01,3.96,5.65,3.79,0.0005,5.3,,2.56,1.84,0.0005,4.98,1.91,,0.32,0.64,3.42,4.6,1.2,0.69,0.21
1937-12-01,0.43,7.92,8.24,0.41,1.92,,0.2,0.59,0.09,0.85,2.14,,1.16,12.12,3.04,3.44,0.6,0.31,5.92
1938-02-01,1.2,3.15,5.57,1.55,2.94,,2.53,1.3,0.36,1.68,4.14,0.4,1.99,16.64,0.69,2.79,0.91,0.86,10.61
1938-04-01,1.15,5.43,8.17,0.0005,2.42,,1.97,,0.16,2.8,2.25,0.27,0.64,4.66,8.25,4.4,0.25,0.44,2.21
1938-06-01,4.78,3.12,11.89,0.28,4.07,,2.92,1.48,0.0005,12.09,5.9,0.91,2.06,0.78,5.29,6.19,4.0,0.46,0.09
1938-08-01,5.07,2.79,1.27,0.97,2.48,,0.06,0.24,0.43,2.18,1.14,1.44,0.74,0.0005,1.54,3.99,0.4,3.62,0.0
1938-10-01,1.04,0.95,0.16,0.0005,0.12,0.23,0.83,1.28,0.03,2.08,1.1,0.14,0.48,3.73,0.78,0.53,3.06,0.0005,0.03
1938-12-01,1.86,4.5,1.96,1.14,0.92,,0.15,0.55,1.51,1.87,1.12,0.13,1.77,1.6,3.51,3.28,0.05,0.28,5.77
1939-02-01,3.5,12.68,5.45,0.89,4.5,,0.2,0.22,0.23,2.98,3.0,1.56,1.07,3.88,9.84,9.89,0.2,0.65,1.34
1939-04-01,4.76,4.54,3.09,0.17,2.43,,1.12,1.04,0.69,3.54,2.22,0.26,0.28,0.74,4.11,5.3,0.98,1.47,0.39
1939-06-01,7.06,1.45,9.4,0.0,1.69,4.37,5.04,0.3,0.0,7.57,5.5,0.86,0.0005,0.11,,6.5,2.88,0.0,0.0
1939-08-01,8.36,1.09,0.81,1.18,2.12,2.15,1.8,1.88,,8.67,2.69,1.47,0.35,0.05,3.79,1.0,3.24,2.2,0.0005
1939-10-01,0.16,1.13,1.71,0.02,0.72,2.3,2.09,0.81,0.0005,7.33,2.64,0.12,0.93,3.64,0.12,0.1,1.04,0.75,0.15
1939-12-01,1.8,4.46,2.02,0.0005,2.15,1.54,0.89,0.96,0.04,1.42,1.67,0.74,0.09,0.92,3.24,3.55,1.17,0.32,1.24
1940-02-01,6.56,3.49,3.21,0.61,1.9,2.69,1.96,0.51,1.2,2.37,1.07,0.33,2.28,11.23,4.25,5.17,0.35,0.8,6.18
1940-04-01,2.7,5.03,7.99,0.09,2.47,7.07,4.49,0.71,0.58,4.24,6.06,1.82,0.97,,2.48,5.82,1.5,0.45,1.57
1940-06-01,5.69,5.0,8.98,0.0005,4.82,5.63,0.58,0.28,0.0,4.07,4.35,1.32,0.25,,4.4,8.73,1.02,0.74,
1940-08-01,9.04,3.71,1.7,0.48,9.14,6.76,1.58,3.54,0.0,12.92,8.28,2.32,0.82,0.0005,10.22,3.59,1.63,3.14,0.0
1940-10-01,0.0,2.37,1.67,1.3,2.33,2.13,1.36,0.02,0.0005,2.02,2.32,0.1,2.45,1.86,0.68,0.93,0.63,0.34,1.26
1940-12-01,6.02,5.21,4.82,3.75,1.29,3.81,1.02,0.24,0.34,2.63,2.11,0.14,3.7,16.52,3.61,4.96,0.03,0.84,
1941-02-01,4.91,4.25,5.14,1.78,0.47,3.85,2.87,0.39,0.74,1.4,1.2,0.1,1.78,10.11,1.71,1.99,0.09,0.8,11.25
1941-04-01,2.63,6.09,8.14,2.12,2.02,4.82,5.02,2.35,0.58,4.06,8.52,1.09,2.81,4.09,1.72,4.74,1.6,1.03,
1941-06-01,,2.83,6.69,0.0005,2.48,4.36,9.58,3.41,0.01,4.34,6.63,1.77,0.97,0.07,7.52,3.55,7.45,1.3,
1941-08-01,3.55,3.43,4.3,0.85,1.75,4.87,3.91,1.29,0.52,4.12,5.86,2.47,1.06,0.4,1.99,3.67,2.29,1.76,0.06
1941-10-01,7.9,6.04,5.99,0.5,0.95,9.81,9.38,6.3,0.45,0.37,15.15,2.27,4.68,,2.28,9.82,5.2,0.66,1.06
1941-12-01,8.02,3.04,2.23,1.36,1.68,2.73,1.28,0.21,0.46,2.86,1.55,0.31,1.63,16.79,6.03,1.71,0.49,0.54,7.02
1942-02-01,7.67,2.51,1.07,0.24,3.45,2.24,0.99,0.08,0.01,1.04,2.19,0.43,0.73,5.4,2.47,2.72,0.1,0.24,0.96
1942-04-01,0.67,10.61,13.11,0.76,0.72,4.36,7.51,3.87,0.18,0.68,8.55,3.56,1.47,6.41,1.85,9.92,1.46,0.11,4.43
1942-06-01,5.38,5.26,3.13,0.0,5.7,2.37,,1.98,0.0,8.45,7.87,4.34,0.0005,0.0005,4.77,3.42,1.8,0.0,0.0005
1942-08-01,7.04,3.08,4.66,1.1,4.13,3.11,7.7,1.17,0.4,5.74,5.7,2.89,0.17,0.0,6.35,4.97,,1.22,0.01
1942-10-01,0.44,2.76,5.31,0.43,1.7,4.28,4.28,2.16,0.0005,5.67,4.74,2.71,1.14,0.7,1.98,2.81,4.26,0.75,0.73
1942-12-01,2.53,4.78,2.28,0.36,5.87,5.47,1.89,0.49,0.01,2.58,3.59,1.09,1.38,5.03,4.68,6.74,1.25,0.64,1.02
1943-02-01,0.5,1.83,0.08,0.07,1.7,0.47,0.3,0.07,0.03,3.22,0.87,0.11,0.75,2.9,1.17,2.0,0.76,0.48,3.68
1943-04-01,1.38,2.81,2.86,0.14,2.75,3.54,1.06,0.16,0.55,1.37,5.27,0.73,0.21,2.43,4.92,1.99,0.1,0.12,0.57
1943-06-01,5.9,3.14,2.75,0.01,5.78,4.34,1.64,3.69,0.0005,5.68,6.03,0.75,0.02,0.94,4.79,3.98,2.26,0.4,0.0
1943-08-01,4.81,0.37,0.08,4.92,1.88,1.13,0.51,1.26,0.0,0.53,1.68,1.02,1.34,0.0,1.08,0.75,0.31,5.46,0.0
1943-10-01,0.0005,3.58,2.93,0.17,1.32,4.08,1.2,0.42,0.2,3.26,6.07,0.31,0.83,1.38,0.0,0.68,0.07,0.46,0.46
1943-12-01,1.7,3.09,3.28,1.89,2.15,3.02,2.19,2.45,0.85,1.85,3.07,1.05,1.0,2.16,3.46,3.17,3.16,0.35,7.89
1944-02-01,1.7,10.47,4.37,2.1,5.79,6.69,1.34,0.46,1.12,5.69,4.6,0.11,1.28,8.43,6.55,7.67,0.83,0.37,10.51
1944-04-01,3.07,4.58,5.68,0.5,2.47,3.93,2.48,1.14,0.11,3.74,4.7,3.51,2.76,4.44,4.79,7.71,1.11,0.08,0.93
1944-06-01,3.08,3.16,0.4,0.0,5.44,,5.85,1.19,0.0005,1.35,7.86,0.45,0.39,0.74,3.4,3.22,,0.0,0.08
1944-08-01,10.13,3.82,2.26,0.09,2.74,3.85,2.39,3.87,0.0,4.03,5.14,2.99,0.33,0.0,2.63,3.91,1.86,1.9,0.0
1944-10-01,7.01,0.01,2.71,0.36,2.08,1.11,1.51,0.24,0.0005,1.92,4.25,1.33,0.16,2.36,2.54,0.55,0.55,0.75,0.02
1944-12-01,0.46,10.49,4.96,1.09,2.41,5.13,2.39,1.63,0.0,2.3,1.86,0.44,0.89,4.35,1.64,8.93,0.75,0.29,0.96
1945-02-01,2.3,5.67,5.64,0.12,4.58,10.22,0.9,0.15,0.15,2.75,3.97,0.3,1.29,10.65,,6.33,0.09,0.15,7.32
1945-04-01,5.84,10.27,5.48,0.0005,4.1,4.39,4.95,0.3,0.0005,4.29,12.68,0.92,0.69,1.04,3.18,6.08,0.19,0.0,0.06
1945-06-01,4.93,6.02,4.2,0.0,3.82,9.89,6.69,0.22,0.0005,0.54,5.69,1.26,0.35,0.87,5.53,3.26,0.0005,0.05,0.05
1945-08-01,6.3,7.1,1.44,0.41,4.85,2.93,1.66,6.25,,2.58,1.62,4.03,1.2,0.11,1.58,4.02,2.31,2.97,0.0
1945-10-01,3.09,4.18,2.16,0.69,3.19,2.38,0.45,1.48,0.38,1.54,3.04,0.35,1.07,5.64,0.83,3.55,1.1,1.07,1.25
1945-12-01,5.03,3.92,0.35,0.31,3.88,0.77,0.0,0.0005,0.54,5.38,0.77,0.28,1.19,12.52,,4.25,0.12,0.79,3.79
1946-02-01,1.69,5.49,2.95,0.11,4.27,3.54,1.04,0.08,0.01,2.34,3.41,0.62,0.05,4.03,3.37,5.95,0.06,0.0005,1.55
1946-04-01,2.04,4.05,3.37,0.04,4.6,8.45,1.59,0.12,0.03,2.96,4.34,0.24,2.06,0.26,4.55,3.61,0.23,0.09,0.21
1946-06-01,,2.15,2.37,0.0,1.99,3.28,1.87,0.27,0.0,8.42,2.03,1.77,0.11,0.0,1.61,3.06,1.19,0.24,0.0
1946-08-01,5.82,1.53,0.97,2.01,4.12,0.96,2.97,1.88,0.65,3.79,2.82,2.96,1.16,0.0,4.59,0.38,4.39,3.74,0.0
1946-10-01,2.65,4.63,1.1,0.05,2.74,2.13,0.24,1.29,0.0005,3.04,1.05,1.07,1.41,2.6,6.59,2.83,4.05,0.4,0.44
1946-12-01,0.51,1.8,2.9,0.45,2.3,6.79,,0.0005,1.18,2.22,3.17,0.0005,0.7,6.04,1.6,2.61,0.42,0.22,3.56
1947-02-01,5.22,1.68,1.21,0.1,1.85,0.46,,0.0005,0.0005,1.56,0.43,0.28,0.61,2.28,1.12,1.31,0.1,0.0005,0.62
1947-04-01,1.7,5.05,3.96,0.0005,2.42,6.64,5.19,0.62,0.1,1.52,12.28,0.85,0.13,1.6,3.34,4.83,1.74,0.0005,0.03
1947-06-01,3.97,1.99,3.11,0.0,5.72,2.89,4.21,0.0,0.0,7.02,4.33,2.52,0.84,0.38,2.69,2.52,0.08,0.11,0.01
1947-08-01,3.58,4.42,4.28,1.21,5.84,2.54,,1.38,0.0005,1.65,0.7,1.35,3.46,0.0005,3.92,0.99,,5.42,0.02
1947-10-01,14.45,2.38,2.16,0.06,2.2,3.84,,0.15,0.18,1.61,1.1,0.07,2.32,4.64,5.02,1.32,,1.28,0.07
1947-12-01,6.93,2.61,1.79,0.32,1.36,3.49,,0.96,0.54,1.27,2.18,0.81,2.02,1.13,4.6,3.02,,0.57,0.82
1948-02-01,1.85,4.45,,1.09,3.84,5.85,1.69,1.84,0.0,1.88,2.48,0.7,1.25,4.51,5.45,9.79,1.11,2.34,1.76
1948-04-01,4.52,4.73,,0.0,1.3,5.76,0.61,0.13,0.04,4.68,1.59,0.22,0.29,9.73,2.55,5.19,0.19,0.1,2.81
1948-06-01,2.84,0.82,,0.11,5.7,4.87,1.41,2.41,0.0005,1.72,11.68,3.7,2.84,0.66,,4.16,5.77,0.04,0.01
1948-08-01,11.66,2.51,,0.25,2.65,4.48,2.17,3.77,0.0,4.65,4.18,1.29,1.54,0.0,6.78,2.63,3.05,2.47,0.0
1948-10-01,5.14,,1.0,0.96,0.94,2.32,0.88,0.55,0.04,2.77,0.76,0.0,1.93,0.85,1.67,0.55,,1.21,0.03
1948-12-01,,3.15,,0.58,4.32,3.6,0.12,0.0005,0.0,4.16,1.98,0.0005,1.42,5.96,4.1,2.75,0.41,0.56,3.6
1949-02-01,6.57,2.91,,0.08,3.19,4.88,0.94,1.83,0.85,2.36,3.23,0.11,0.86,5.97,6.99,2.11,0.95,0.15,1.33
1949-04-01,6.89,5.81,,0.18,3.78,3.2,1.92,1.94,0.0005,2.36,2.51,1.02,0.57,0.48,7.86,3.48,0.82,0.05,0.03
1949-06-01,9.72,1.67,5.47,0.14,5.59,5.76,5.16,4.1,0.1,5.21,8.79,1.96,2.46,0.09,1.05,6.94,5.78,0.64,0.15
1949-08-01,13.27,2.96,1.1,0.41,5.88,0.69,2.96,0.64,0.14,6.88,2.03,0.88,0.5,0.11,8.93,2.79,1.18,3.2,0.0
1949-10-01,2.98,10.73,,0.8,4.22,5.03,3.53,0.41,0.0,2.61,4.78,0.83,2.21,0.11,1.64,6.51,1.61,0.75,0.02
1949-12-01,0.58,4.34,,0.92,1.96,2.83,1.44,0.34,0.05,1.57,3.9,0.02,0.85,3.3,1.93,6.63,0.49,0.77,4.45
1950-02-01,1.62,6.87,,1.0,3.2,6.39,0.97,0.0005,0.0,1.83,2.13,0.04,1.0,4.61,1.73,8.96,0.0,0.07,3.58
1950-04-01,2.84,,,0.0005,1.12,2.82,0.61,0.46,0.0,1.33,2.78,0.4,0.06,3.75,0.36,3.18,0.09,0.03,0.92
1950-06-01,2.48,1.57,,0.1,5.48,4.17,2.12,1.77,0.0,1.93,7.46,1.47,0.06,0.2,4.97,2.63,2.02,0.31,0.03
1950-08-01,3.75,11.22,,0.45,2.07,6.12,2.08,0.84,0.0,3.32,12.53,2.77,0.09,0.1,5.77,3.99,1.13,1.31,0.0
1950-10-01,10.33,2.17,,0.0,2.2,1.34,0.0005,0.15,0.0,2.22,2.42,0.1,0.0,3.59,2.41,1.38,1.78,0.09,0.84
1950-12-01,2.21,2.11,0.27,0.01,3.34,0.2,0.01,0.26,0.0,1.13,0.27,0.27,0.07,11.3,4.43,4.87,0.01,0.0005,0.22
1951-02-01,1.3,2.4,2.83,0.12,1.9,5.99,1.58,0.3,0.05,1.64,6.22,0.12,0.64,3.58,2.53,4.18,0.71,0.17,1.73
1951-04-01,2.66,5.78,2.83,1.58,4.99,3.84,1.36,0.24,0.0005,2.69,2.69,0.64,0.59,3.51,3.45,4.2,0.05,0.63,1.77
1951-06-01,2.74,7.44,7.22,0.0005,5.96,6.91,4.93,1.81,0.0,3.77,,3.73,0.12,0.75,4.85,2.31,0.72,0.0,0.0
1951-08-01,6.78,0.72,0.8,5.33,1.12,6.32,1.47,0.12,0.0,6.73,1.81,2.12,2.7,0.0005,4.09,2.33,0.77,1.6,0.0
1951-10-01,3.77,,2.17,0.8,1.1,8.65,3.65,0.76,0.06,2.21,4.56,0.71,0.94,1.76,1.53,1.07,1.48,0.98,0.93
1951-12-01,2.66,6.02,0.27,0.55,4.85,1.87,0.0005,0.29,0.17,2.83,0.47,0.26,2.08,12.65,5.15,9.64,1.1,0.85,5.74
1952-02-01,6.08,4.7,4.11,0.36,1.9,1.47,0.8,0.3,0.0,2.89,2.12,0.25,0.24,3.31,3.86,4.4,0.32,0.15,0.55
1952-04-01,2.89,4.25,7.02,2.25,2.53,7.76,3.25,1.67,0.39,6.64,2.71,1.5,1.05,2.94,4.78,3.82,2.49,0.99,2.73
1952-06-01,5.35,0.72,0.88,0.11,1.82,0.32,0.54,1.33,0.0,2.56,0.5,0.0005,0.67,0.3,1.41,1.12,3.95,0.95,0.05
1952-08-01,5.2,1.77,0.17,1.41,2.94,2.56,0.21,4.56,0.0,5.63,6.21,1.09,0.44,0.0005,6.65,1.39,6.34,1.07,0.0
1952-10-01,2.19,0.72,0.0,0.0,0.52,1.53,0.0,0.0,0.0,2.42,0.24,0.0005,0.0,0.14,0.88,0.42,0.0,0.0,0.0
1952-12-01,1.14,4.25,8.0,0.51,2.78,2.65,1.65,0.41,0.31,2.62,1.44,0.16,0.97,7.25,4.59,3.54,0.42,0.16,5.5
1953-02-01,2.47,3.18,1.72,0.45,4.93,1.59,0.59,0.32,0.0,3.32,1.09,0.04,0.98,0.4,5.25,6.38,0.2,0.38,
1953-04-01,10.03,6.86,3.83,0.02,2.0,7.94,2.2,0.33,0.0,3.45,6.99,1.68,1.09,3.25,3.91,7.67,0.39,0.56,1.88
1953-06-01,6.66,0.19,0.51,0.0,3.05,0.12,5.55,0.16,0.0,3.94,0.49,0.34,0.04,1.3,4.77,0.21,,0.3,0.02
1953-08-01,13.35,1.36,2.4,0.53,1.68,1.31,1.13,2.78,0.0,3.47,3.26,4.2,3.64,0.02,0.59,1.09,2.13,1.66,0.0
1953-10-01,1.64,1.37,3.21,0.0005,0.95,1.64,5.08,0.56,0.0005,0.52,3.22,0.53,2.51,0.91,0.0,1.4,1.28,0.21,0.0
1953-12-01,10.24,5.26,2.35,0.07,2.54,1.98,0.26,0.98,0.0,2.83,1.43,0.78,0.52,1.92,8.11,5.12,,0.59,0.07
1954-02-01,1.39,0.75,0.98,0.58,1.62,1.81,0.02,0.11,0.0,2.0,1.34,0.03,0.4,6.92,1.6,1.98,,0.06,4.09
1954-04-01,1.74,4.87,2.99,0.02,3.12,5.36,3.22,0.56,0.0,2.74,4.36,0.1,0.62,2.27,2.71,4.59,1.02,0.0,0.66
1954-06-01,2.62,0.64,0.86,0.02,2.51,2.1,0.63,1.1,0.0,1.83,1.05,0.0,0.26,1.4,2.65,2.13,0.89,0.36,0.0005
1954-08-01,2.76,0.04,0.53,0.55,3.42,3.04,1.14,2.14,0.0,3.45,2.17,0.69,0.41,0.0,3.58,0.3,11.25,1.52,0.0
1954-10-01,1.07,3.3,5.21,0.12,1.95,,0.25,2.64,0.0,3.47,7.4,1.36,1.55,0.0,0.57,1.57,2.54,0.66,0.0
1954-12-01,3.51,5.3,0.47,0.01,2.38,6.55,0.82,0.03,0.0,2.64,4.04,0.2,1.37,5.79,1.71,3.09,0.1,0.24,1.43
1955-02-01,2.79,6.5,3.36,0.09,3.73,4.47,1.58,0.07,0.0005,3.8,3.84,0.23,1.37,3.77,3.59,6.38,0.03,0.24,2.54
1955-04-01,1.03,4.51,,0.0005,3.78,2.79,0.47,0.79,0.13,2.61,3.03,0.25,0.38,5.03,4.69,10.03,0.27,0.04,3.35
1955-06-01,5.12,1.94,4.48,0.95,2.65,3.45,5.18,0.5,0.0,3.64,6.53,0.7,0.07,0.0005,2.74,2.82,0.49,0.58,0.01
1955-08-01,2.05,2.63,3.4,1.8,4.37,2.31,0.76,0.84,0.0,11.08,2.72,2.72,1.68,0.0,4.81,1.53,0.2,6.18,0.01
1955-10-01,3.05,3.87,1.15,0.13,2.99,1.35,5.65,0.08,0.0,2.86,3.0,0.1,0.0005,0.09,5.31,1.78,0.47,1.4,0.0
1955-12-01,0.26,1.95,1.49,0.18,1.83,0.55,0.0005,0.1,0.0,1.1,0.28,0.08,0.95,29.61,0.59,2.27,0.0005,0.35,4.53
1956-02-01,3.13,8.57,1.71,0.64,5.39,7.16,0.79,0.66,0.0,4.19,1.23,0.43,0.17,2.71,6.75,10.74,,0.62,0.86
1956-04-01,2.71,4.08,2.4,0.03,4.03,3.94,0.57,0.21,0.41,3.18,2.32,1.1,0.17,3.56,8.69,5.96,0.21,1.24,3.27
1956-06-01,10.03,2.15,0.78,0.01,1.57,3.15,0.32,1.7,0.0,3.17,3.72,0.22,0.16,0.1,1.3,3.71,1.54,0.92,0.0
1956-08-01,1.17,1.99,2.49,0.46,1.23,2.48,,1.61,0.0,3.62,1.84,2.9,0.61,0.0,5.26,1.75,0.61,2.36,0.0
1956-10-01,9.68,2.68,2.34,0.06,1.3,3.87,2.47,0.16,0.0,5.23,2.75,0.14,0.91,3.25,1.97,1.41,0.74,0.21,0.12
1956-12-01,0.1,1.57,2.03,0.01,2.93,3.84,1.47,0.01,0.0,5.12,2.29,0.22,0.25,1.67,3.47,3.82,0.0005,0.0005,0.51
1957-02-01,2.76,4.94,2.1,0.21,5.76,4.5,0.98,0.26,0.0,5.34,3.94,0.05,0.69,6.54,1.44,6.79,0.25,0.31,4.11
1957-04-01,3.43,11.89,12.98,0.12,7.46,14.63,9.95,1.33,0.37,2.02,9.76,4.4,2.14,2.34,2.5,7.0,1.0,0.17,1.64
1957-06-01,13.01,6.74,2.8,0.26,6.13,6.06,3.99,0.56,0.13,4.18,5.66,1.71,2.15,0.48,3.9,4.36,2.12,0.93,0.05
1957-08-01,5.15,3.72,0.99,0.85,3.62,8.54,0.33,1.76,0.0,4.84,1.41,1.47,3.46,0.0,3.8,2.94,1.32,5.33,0.0
1957-10-01,1.41,6.86,6.97,2.66,2.79,2.5,2.52,1.55,,4.94,1.57,1.15,3.84,1.54,3.5,6.58,3.05,1.51,2.26
1957-12-01,1.63,4.13,1.1,0.23,4.19,1.56,0.15,0.04,,7.15,3.06,0.03,1.23,5.74,3.03,7.94,0.0,0.0005,5.97
1958-02-01,3.84,1.98,1.86,1.15,4.27,1.52,0.4,0.24,,3.87,0.92,0.37,1.66,9.75,5.14,2.74,0.25,0.63,9.72
1958-04-01,7.23,8.91,5.78,0.89,4.32,5.78,2.7,1.89,0.3,5.08,2.8,0.8,0.61,7.45,8.17,8.69,1.01,0.69,9.01
1958-06-01,4.93,7.37,1.24,0.05,2.99,6.49,6.35,2.79,0.0,5.34,8.74,2.05,0.14,1.13,4.46,5.95,4.38,0.5,0.0
1958-08-01,8.71,4.27,1.54,0.72,3.14,1.48,0.22,2.77,0.06,8.71,1.38,1.14,0.18,0.1,6.89,2.55,1.15,2.78,0.0005
1958-10-01,1.48,0.97,1.12,0.5,2.26,1.72,0.78,0.63,0.16,3.5,0.92,0.69,1.19,0.02,0.8,0.91,0.71,1.62,0.16
1958-12-01,2.18,1.52,1.15,0.0,3.41,0.92,0.71,0.63,0.0,4.93,1.34,0.1,0.0005,1.1,3.8,1.38,0.03,0.1,0.0005
1959-02-01,4.74,5.27,3.37,0.63,2.62,1.87,0.26,0.11,0.36,2.33,2.58,0.46,1.54,9.48,5.99,5.93,0.07,0.38,6.55
1959-04-01,4.31,4.36,5.1,0.05,4.73,4.02,1.53,0.67,0.0,4.76,3.5,0.97,0.73,2.55,2.95,3.91,0.47,0.78,1.32
1959-06-01,3.49,6.08,6.24,0.0005,3.13,5.0,5.36,2.66,0.0,1.13,5.22,0.54,0.57,0.0,3.42,3.14,1.8,0.78,0.0
1959-08-01,2.93,2.31,1.69,1.36,2.81,3.15,1.15,5.0,0.0005,2.82,0.51,1.97,1.8,0.18,1.91,1.35,2.24,4.03,0.0
1959-10-01,5.12,3.25,7.44,1.75,3.4,4.78,4.43,2.57,0.0,5.75,10.63,2.15,1.58,0.0,9.48,2.1,1.37,3.21,0.03
1959-12-01,0.66,7.43,3.32,3.46,3.1,5.65,3.08,4.27,0.77,2.1,2.79,0.0005,3.13,1.29,2.02,5.13,1.26,0.98,1.36
1960-02-01,5.24,5.6,2.1,0.04,4.65,2.24,1.23,0.69,0.3,5.28,1.03,1.82,1.36,7.87,8.64,3.26,0.5,0.15,4.02
1960-04-01,3.74,2.89,2.4,0.0,2.05,2.38,0.33,0.0005,0.0,2.88,3.13,2.17,0.38,2.6,2.73,2.06,0.12,0.01,2.24
1960-06-01,9.19,5.15,7.46,0.0005,4.01,4.49,2.3,3.9,0.0005,2.92,3.05,0.54,0.0005,0.0,2.45,4.05,5.31,0.03,0.0
1960-08-01,4.93,4.97,2.65,0.82,5.56,1.39,1.26,3.58,0.0,6.41,3.34,0.23,0.09,0.0,2.61,1.67,1.4,1.27,0.0
1960-10-01,5.21,5.03,3.53,0.67,2.66,2.59,6.15,4.75,0.19,3.2,3.2,2.85,2.5,0.51,1.74,4.08,4.59,2.81,0.0
1960-12-01,2.08,7.53,6.38,0.07,1.77,6.42,1.99,1.68,0.0,2.38,3.57,1.07,0.72,2.56,2.43,4.71,1.86,1.14,0.45
1961-02-01,3.45,4.94,4.53,0.01,5.56,3.08,1.35,0.19,0.0005,5.28,2.57,0.81,0.14,2.45,8.3,8.53,0.13,0.1,0.0
1961-04-01,5.45,3.0,1.17,0.0005,3.11,2.24,1.36,1.05,0.09,2.38,2.38,0.24,0.67,1.59,6.31,3.25,0.34,0.22,0.36
1961-06-01,,2.94,8.68,0.0005,4.27,5.83,5.15,1.78,0.0005,4.94,2.59,2.32,0.0005,0.1,4.69,4.03,1.51,0.06,0.0
1961-08-01,13.86,5.22,0.45,2.11,9.6,3.64,2.31,4.0,0.75,6.01,3.25,2.88,1.6,0.72,3.94,3.27,3.82,2.5,0.04
1961-10-01,0.6,3.11,3.52,0.08,3.17,1.61,3.35,1.04,0.01,8.79,2.32,0.22,1.65,0.97,0.52,1.22,0.32,3.04,0.0
1961-12-01,1.05,8.7,2.87,0.85,6.74,3.63,0.69,0.47,0.16,5.29,2.33,0.12,0.89,2.25,5.44,7.33,0.68,1.08,1.58
1962-02-01,0.76,3.09,1.85,0.83,6.19,3.44,0.09,0.09,0.39,3.49,2.05,0.05,1.64,17.24,4.4,3.82,0.39,0.46,19.56
1962-04-01,2.13,3.43,2.76,0.0,3.6,2.18,2.51,0.45,0.0,4.23,3.1,0.37,0.09,0.63,,1.73,0.17,0.07,0.0
1962-06-01,6.61,4.29,5.17,0.12,4.62,4.38,8.71,3.12,0.0,6.06,6.15,1.56,0.29,0.31,2.71,4.37,0.55,0.68,0.04
1962-08-01,5.37,3.16,0.25,0.25,2.25,5.7,1.16,0.49,0.0,2.85,2.19,0.14,0.51,0.13,2.2,2.55,0.68,1.77,0.0
1962-10-01,1.46,1.9,6.61,0.0005,2.02,8.0,3.23,0.36,0.0005,0.31,2.46,0.39,1.6,1.58,1.52,1.72,0.63,0.83,0.38
1962-12-01,2.53,1.36,1.46,0.48,2.51,1.6,0.84,0.73,0.08,2.44,1.52,0.11,0.41,1.23,2.65,1.31,0.38,0.43,0.04
1963-02-01,5.03,1.35,0.31,1.16,1.67,0.83,0.24,1.52,0.65,3.37,0.24,0.11,1.25,6.5,4.43,,1.14,0.36,5.36
1963-04-01,1.26,4.27,3.51,0.33,3.56,2.53,1.0,0.0,0.01,0.56,1.45,0.0,0.38,7.09,4.07,5.07,0.16,0.0005,2.69
1963-06-01,8.11,3.29,1.42,0.0,2.38,2.95,1.36,1.58,0.16,8.11,2.93,1.33,0.0,0.82,6.34,1.76,2.8,0.0,0.49
1963-08-01,3.82,1.07,0.04,2.68,2.16,1.35,0.98,4.9,0.0,3.16,1.89,2.16,2.18,0.2,2.16,1.28,1.69,4.03,0.0
1963-10-01,0.06,0.28,0.0,1.46,0.05,0.34,2.17,0.7,0.01,,0.05,0.16,1.25,1.85,0.26,0.0,0.24,1.03,0.55
1963-12-01,2.41,5.25,1.52,0.0005,1.47,2.12,0.26,0.15,0.0,2.99,1.03,0.26,0.11,0.81,3.95,4.67,0.11,0.05,0.0
1964-02-01,7.77,2.24,1.57,0.01,3.56,3.06,2.97,1.46,0.02,4.84,2.81,0.26,0.0005,0.06,5.43,2.86,0.85,0.44,0.0
1964-04-01,5.44,8.42,1.76,0.1,3.88,5.11,0.25,0.55,0.01,5.06,5.32,1.17,0.99,1.49,5.39,10.59,0.0005,0.42,1.15
1964-06-01,6.78,0.6,1.68,0.0,0.79,0.87,0.61,0.28,0.0,1.59,8.71,0.02,0.09,0.96,3.16,1.9,2.77,0.0,0.13
1964-08-01,11.5,2.35,3.23,1.29,6.83,8.45,1.42,1.27,0.14,6.1,6.58,1.1,0.94,0.3,11.13,3.89,1.22,4.42,0.03
1964-10-01,2.39,1.23,0.33,0.17,6.69,0.5,0.5,0.0005,0.02,4.27,1.71,,0.0,2.35,9.31,1.42,0.03,0.53,1.09
1964-12-01,10.0,7.62,0.69,1.09,3.57,1.25,0.57,0.45,0.01,3.24,1.24,,1.25,19.54,7.04,8.45,0.47,0.37,6.1
1965-02-01,5.23,8.5,4.54,0.91,2.24,4.61,0.41,0.3,0.0,1.89,1.59,,1.23,1.86,5.05,6.78,0.6,0.78,0.33
1965-04-01,2.61,0.99,1.56,1.35,3.78,1.1,1.62,1.2,1.27,2.07,9.08,,1.97,4.32,5.23,1.47,1.07,0.61,6.32
1965-06-01,15.31,4.25,1.6,0.91,2.72,4.02,5.23,1.7,0.0005,4.4,3.52,5.67,0.87,0.54,9.57,1.24,2.91,0.77,0.0
1965-08-01,7.28,5.13,1.42,0.18,3.49,1.48,1.7,1.43,0.27,,2.92,,2.0,1.31,3.86,1.46,1.67,1.28,0.0
1965-10-01,2.39,0.23,2.36,0.2,2.08,1.0,4.27,0.35,0.0,1.12,0.43,,1.21,0.56,2.35,0.27,0.53,0.4,0.0
1965-12-01,5.46,2.57,2.96,3.19,0.16,0.86,1.4,0.51,0.57,0.6,3.51,0.57,3.23,6.4,1.48,2.19,0.46,1.42,5.95
1966-02-01,5.47,5.41,2.43,0.95,4.23,6.19,2.0,0.54,0.04,3.85,4.14,0.4,1.25,3.06,4.76,9.12,0.0005,0.4,1.22
1966-04-01,2.3,11.99,9.29,0.0005,3.56,4.23,1.73,0.08,0.0005,1.91,3.45,0.77,0.47,1.53,2.68,4.79,0.98,0.28,0.0
1966-06-01,4.21,0.3,3.01,0.22,2.04,0.92,1.36,1.36,0.0005,3.27,0.9,0.34,0.1,0.28,4.52,0.25,4.8,0.78,0.0
1966-08-01,5.25,6.7,7.05,2.17,4.81,4.8,4.81,3.82,0.1,2.92,5.29,1.52,1.26,0.0005,5.84,3.74,4.52,2.06,0.0
1966-10-01,3.99,2.69,0.56,0.25,3.17,1.61,0.62,0.0005,0.0,4.7,1.89,0.45,0.55,0.0,2.72,3.68,0.03,0.55,0.03
1966-12-01,2.73,4.36,0.73,0.52,2.93,,0.39,0.03,0.08,3.55,2.35,0.16,2.71,10.87,3.37,7.33,0.04,0.59,10.03
1967-02-01,5.69,2.22,0.68,0.0,3.44,1.5,0.08,0.32,0.0,2.97,0.95,0.0005,0.09,0.57,4.37,2.22,0.01,0.0005,0.3
1967-04-01,2.06,4.16,3.32,0.08,2.26,7.86,1.7,0.29,0.1,1.43,6.33,0.01,0.38,12.1,4.07,5.07,0.08,0.01,6.31
1967-06-01,6.75,3.73,1.99,0.47,6.43,4.24,1.12,0.87,0.02,1.56,7.09,1.19,0.45,0.4,5.11,2.47,4.2,1.79,0.01
1967-08-01,9.36,1.07,0.23,0.02,5.98,2.75,1.0,1.94,0.0,5.58,2.24,1.14,3.19,0.53,6.55,4.57,2.19,4.08,0.0
1967-10-01,1.04,3.5,8.97,0.67,1.96,7.34,1.01,0.0,0.0,1.42,9.6,0.7,0.17,0.1,0.88,1.91,0.06,0.2,0.0
1967-12-01,5.11,8.13,4.0,3.98,,5.58,0.83,,0.04,6.01,2.98,0.26,3.68,4.36,3.65,7.25,0.97,1.24,1.02
1968-02-01,3.41,1.92,2.12,1.2,0.43,1.32,1.21,0.57,1.16,1.19,3.39,0.1,0.82,3.85,1.17,2.51,0.43,0.26,1.34
1968-04-01,0.95,3.7,2.66,0.0005,3.86,4.99,1.16,0.52,0.09,3.62,2.67,0.69,0.65,0.94,4.51,6.66,0.0005,0.33,0.98
1968-06-01,4.9,4.28,5.39,0.0,2.94,3.52,2.19,0.14,0.26,3.58,5.7,3.29,0.12,,8.07,1.55,0.03,0.05,0.0
1968-08-01,7.58,1.96,1.45,0.59,2.14,1.92,1.54,1.93,0.02,3.06,3.5,1.15,4.95,0.57,,1.76,1.77,4.59,0.11
1968-10-01,2.35,2.82,0.78,0.35,2.79,2.66,2.83,,0.05,2.89,3.45,0.28,0.76,,2.87,3.28,0.39,0.18,1.09
1968-12-01,2.06,5.8,1.85,0.69,2.7,7.74,0.64,0.14,0.0005,2.37,2.71,0.3,1.09,10.01,3.88,6.28,0.13,0.23,2.13
1969-02-01,3.85,7.6,2.52,0.78,4.03,2.59,1.93,0.78,1.87,4.37,1.28,0.11,1.72,14.21,2.82,6.0,0.66,0.08,15.03
1969-04-01,1.0,2.59,2.63,0.03,3.17,3.41,1.24,0.82,0.0,2.33,3.04,1.6,0.05,3.78,7.82,5.71,0.77,0.2,1.75
1969-06-01,7.21,5.46,1.48,0.0,3.96,10.35,2.04,2.32,0.1,4.28,6.91,3.38,0.36,1.62,2.29,3.62,3.13,0.05,0.0
1969-08-01,6.55,1.37,1.62,0.14,4.15,1.57,5.93,4.59,0.0,6.5,1.66,1.6,3.46,0.01,5.81,1.95,0.62,3.53,0.0
1969-10-01,0.95,4.22,4.39,0.08,2.36,7.32,2.07,2.01,0.0,2.38,6.6,2.02,1.97,4.64,0.22,1.71,3.69,0.8,0.0
1969-12-01,6.62,6.66,3.07,0.68,,4.7,0.31,0.95,0.0,5.4,1.5,0.29,0.33,5.92,4.45,9.04,0.97,0.28,0.1
1970-02-01,7.37,4.46,5.06,0.3,2.11,2.73,0.02,0.11,1.36,2.39,0.83,0.0005,0.0005,3.02,2.2,4.37,0.0005,0.18,5.08
1970-04-01,3.55,5.43,1.62,0.0005,3.9,6.2,3.14,1.95,0.0005,3.19,5.2,1.17,1.13,1.74,1.44,6.12,0.38,0.4,0.0
1970-06-01,3.87,0.85,1.17,0.0,3.33,4.53,0.94,1.0,0.0,3.44,5.65,0.94,0.5,1.55,2.6,3.34,2.52,0.32,0.0
1970-08-01,12.68,2.77,0.11,1.02,2.66,4.48,0.92,2.8,0.0005,4.02,3.08,2.1,1.35,,3.37,5.81,1.92,1.72,0.0
1970-10-01,1.84,4.58,7.99,0.44,2.43,4.71,0.66,1.5,0.0,1.72,6.21,0.92,0.78,0.94,9.41,7.05,,1.46,0.0
1970-12-01,2.56,3.01,1.35,0.26,3.37,2.57,0.39,0.0005,0.12,1.78,1.8,0.0,1.45,8.87,4.09,2.53,0.02,0.11,7.67
1971-02-01,2.77,3.08,1.41,0.35,4.66,2.8,1.14,0.66,0.07,3.71,2.15,0.57,0.39,1.24,4.51,6.35,0.09,0.84,1.27
1971-04-01,1.36,2.5,5.32,0.13,2.04,3.39,0.4,0.22,0.02,1.86,2.38,0.91,0.29,0.93,3.58,2.87,0.84,0.22,0.53
1971-06-01,7.89,1.85,1.16,0.0,3.77,2.67,3.89,4.86,0.0,4.59,3.49,1.21,0.0005,0.48,3.88,5.02,1.09,0.0,0.0005
1971-08-01,9.56,3.35,2.5,0.99,3.12,1.83,2.36,3.72,0.01,6.02,1.31,1.43,1.71,0.73,,4.31,4.24,4.86,0.0
1971-10-01,3.6,1.09,10.35,0.27,4.11,3.01,2.84,1.14,0.0005,8.67,3.85,2.0,2.59,1.13,3.97,0.35,1.23,1.2,0.13
1971-12-01,6.06,4.03,4.96,0.47,3.0,11.07,2.35,0.55,0.63,0.97,5.58,0.06,1.78,11.35,3.66,4.41,0.95,0.75,9.15
1972-02-01,3.34,0.33,0.36,0.0005,3.83,0.58,0.11,0.03,0.0,4.58,1.03,0.06,0.0,1.35,4.43,0.88,0.17,0.0005,0.5
1972-04-01,1.5,1.5,2.52,0.0005,3.28,2.92,3.01,0.0005,0.09,3.7,3.7,0.42,0.1,5.86,1.1,4.77,0.0,0.05,0.23
1972-06-01,10.65,2.38,1.31,1.7,3.92,2.86,1.82,1.23,0.53,4.7,1.27,1.72,1.46,1.29,4.68,5.55,2.48,1.92,0.08
1972-08-01,5.23,2.46,0.89,1.2,0.9,3.1,6.66,5.46,0.05,1.84,2.89,1.91,0.4,1.08,3.54,1.36,1.93,4.05,0.0
1972-10-01,2.0,6.23,4.34,4.4,5.42,6.16,4.92,1.92,1.09,6.3,6.38,0.4,6.62,1.49,1.32,3.75,3.79,3.2,0.26
1972-12-01,2.98,7.45,1.25,1.56,3.97,2.67,0.44,0.16,0.0005,4.4,2.04,0.31,2.31,4.3,6.44,7.04,0.28,0.19,1.13
1973-02-01,3.37,4.28,2.22,1.36,1.87,2.95,0.39,0.42,1.0,3.77,1.52,0.02,0.7,9.57,4.86,5.5,0.82,0.79,13.58
1973-04-01,6.82,9.37,6.9,0.07,,8.98,3.66,1.39,0.09,,6.65,1.4,0.27,0.35,5.38,11.01,0.95,0.05,0.02
1973-06-01,6.65,4.46,9.05,0.0005,3.99,5.84,2.18,0.61,0.0005,4.78,7.47,0.43,1.71,0.97,6.85,2.7,0.76,0.35,0.05
1973-08-01,4.93,0.78,0.98,0.0005,2.49,1.7,1.62,1.03,0.0005,3.62,1.71,0.15,0.69,0.87,4.27,2.9,1.29,0.82,0.0
1973-10-01,1.63,6.14,8.13,0.0,1.77,6.3,3.14,0.7,0.18,1.03,5.17,0.49,0.74,3.22,1.75,3.59,0.95,0.0,0.98
1973-12-01,4.59,6.86,0.65,0.0,3.02,4.21,0.08,0.73,0.09,7.03,5.04,0.84,0.17,6.63,2.96,5.72,0.0005,0.0005,1.19
1974-02-01,1.75,2.14,1.19,0.02,4.11,1.8,0.24,0.14,0.0005,2.86,2.24,0.17,0.09,1.28,3.09,5.12,0.03,0.0005,0.11
1974-04-01,2.49,5.14,1.22,0.01,4.29,5.82,3.03,0.47,0.0,1.64,3.58,1.2,0.58,5.13,3.43,4.38,0.29,0.0,0.1
1974-06-01,8.91,10.27,3.25,0.0,3.71,6.68,0.68,0.34,0.0,3.22,6.91,1.1,0.0,0.0,0.98,10.77,2.05,0.0,0.0
1974-08-01,11.83,9.54,8.54,1.15,3.61,5.2,2.57,2.69,0.0005,8.26,7.73,0.24,0.06,0.0,,5.04,6.37,2.38,0.0
1974-10-01,1.04,2.84,5.23,2.12,1.27,2.26,3.32,4.0,0.82,0.9,6.37,1.21,4.17,2.74,0.11,2.7,5.94,2.93,0.63
1974-12-01,3.92,3.17,2.01,0.59,3.91,1.66,0.98,0.33,0.37,3.93,2.47,0.1,0.64,3.18,,6.26,0.49,0.08,7.67
1975-02-01,3.2,5.69,3.39,0.33,5.03,3.47,1.84,0.78,0.0005,3.4,3.66,0.16,1.2,10.5,5.65,7.24,1.19,,4.76
1975-04-01,5.45,3.31,4.86,0.43,0.52,2.79,0.56,0.83,0.33,3.34,2.15,0.96,0.95,5.84,4.9,4.61,,0.13,2.05
1975-06-01,4.43,4.2,1.17,0.0005,3.31,7.03,2.49,0.69,0.0005,3.07,5.03,2.01,0.26,0.49,3.22,8.03,1.98,0.0,0.0
1975-08-01,6.79,8.66,,0.0005,2.92,6.92,2.86,0.68,0.01,2.2,2.39,1.45,0.42,0.38,4.54,5.86,1.75,1.83,0.0005
1975-10-01,1.87,1.15,1.16,0.23,2.19,1.06,2.02,0.0,0.04,2.34,3.49,0.0005,0.19,6.56,1.8,1.75,0.17,0.04,0.45
1975-12-01,2.41,1.94,2.04,1.12,2.3,3.86,1.15,0.14,0.0005,3.64,3.79,0.04,0.74,0.71,4.6,3.55,1.12,0.34,0.15
1976-02-01,3.4,3.3,0.84,0.47,2.14,2.31,0.16,0.0005,2.37,,1.32,0.64,1.6,3.52,1.59,4.38,0.39,0.31,5.68
1976-04-01,2.68,1.13,5.25,0.67,0.4,1.78,6.96,1.49,0.12,0.64,7.62,1.42,0.75,1.32,0.63,2.0,0.44,0.34,1.33
1976-06-01,3.41,5.6,6.35,0.09,3.99,3.16,2.69,2.5,0.0005,2.87,4.44,0.58,0.04,0.17,3.01,5.47,0.11,0.03,0.32
1976-08-01,7.13,0.41,0.0,0.12,3.21,3.74,1.08,0.24,0.0,1.55,3.59,0.77,0.59,1.05,2.07,0.36,5.17,2.78,0.13
1976-10-01,1.62,3.17,4.53,0.7,4.35,4.86,2.53,0.87,0.47,8.7,2.9,1.21,0.24,0.82,6.16,3.81,0.7,0.55,0.04
1976-12-01,4.08,2.74,2.32,0.85,3.06,2.38,0.2,0.0005,0.0,3.41,0.6,0.0005,0.03,0.1,5.87,2.24,0.0005,0.0,0.74
1977-02-01,,3.15,2.45,0.06,1.04,1.73,1.47,0.33,0.0,1.7,2.26,0.41,0.04,1.87,1.3,1.4,0.31,0.45,0.19
1977-04-01,1.16,5.06,5.24,0.06,4.76,2.45,2.3,3.13,0.0,2.98,3.5,1.41,0.15,0.18,1.29,4.19,1.32,0.12,0.0
1977-06-01,6.35,2.65,1.02,0.1,6.18,6.59,1.24,1.35,0.0,0.88,7.02,1.75,0.07,1.68,3.47,4.23,1.8,0.56,0.05
1977-08-01,10.78,4.4,0.89,0.18,4.87,2.39,5.19,1.91,1.14,2.82,6.4,2.86,0.81,0.0,6.53,1.77,3.81,4.09,0.69
1977-10-01,0.34,0.11,1.19,0.61,2.75,2.89,1.7,0.25,0.0,9.53,1.63,0.0,1.07,,4.4,2.39,1.32,1.25,0.0005
1977-12-01,8.45,1.98,0.24,0.54,2.51,1.86,0.0005,0.04,0.44,4.9,1.61,0.15,0.63,11.03,,2.24,0.5,0.29,6.23
1978-02-01,4.35,2.39,4.16,2.21,0.86,2.29,2.48,0.42,0.77,0.54,1.61,0.35,2.69,10.6,1.23,1.54,0.83,0.79,13.5
1978-04-01,1.91,4.33,1.51,0.2,3.11,3.04,1.77,0.68,0.04,4.0,4.95,0.77,1.02,6.01,3.65,2.55,0.3,0.15,2.35
1978-06-01,5.37,3.35,0.24,0.01,2.01,1.49,2.22,3.27,0.0,3.16,4.69,3.61,0.08,0.0,4.46,3.96,3.28,0.01,0.0
1978-08-01,6.87,4.56,1.9,1.79,6.19,3.08,1.56,1.04,0.03,6.53,5.9,1.76,0.08,0.08,,2.47,2.95,4.26,0.0005
1978-10-01,0.18,1.86,0.9,0.35,1.2,0.5,0.0005,0.25,0.05,1.19,0.57,,1.29,0.01,0.7,0.98,0.81,0.77,0.0005
1978-12-01,3.22,6.82,2.52,2.46,3.15,5.72,0.41,0.43,0.07,3.88,2.82,0.14,4.34,,,7.14,0.36,0.93,2.57
1979-02-01,4.55,5.57,2.68,0.09,5.5,5.33,0.48,0.04,0.21,5.63,1.28,0.4,1.72,9.67,,4.32,0.05,0.36,5.55
1979-04-01,8.1,10.51,3.92,0.02,5.01,5.92,2.7,1.03,0.0,3.89,2.8,0.66,0.38,1.42,7.22,10.71,2.48,0.17,0.0
1979-06-01,4.22,5.11,3.36,0.04,3.65,2.92,4.62,2.39,0.0,2.33,5.7,1.5,0.57,0.0005,2.94,2.44,5.82,0.45,0.0
1979-08-01,7.43,3.22,3.98,1.18,5.31,3.04,2.36,2.45,0.01,4.86,4.31,2.47,0.6,0.0,1.85,1.53,2.99,3.58,0.0
1979-10-01,0.7,3.17,3.8,0.09,1.37,3.05,2.86,1.38,0.0005,3.28,2.4,1.15,0.75,2.74,1.8,3.4,0.24,0.16,0.65
1979-12-01,2.95,3.66,3.82,0.13,1.3,5.49,0.56,0.12,0.0,1.75,1.12,0.98,1.31,6.18,1.95,4.6,0.54,0.39,1.07
1980-02-01,3.57,2.53,1.04,2.09,1.43,1.05,0.46,0.82,0.95,1.39,2.37,0.37,2.86,14.24,2.98,1.22,0.64,1.52,14.25
1980-04-01,5.72,4.15,4.63,0.44,2.7,3.69,1.49,2.25,0.4,5.19,3.53,3.74,0.97,2.09,1.61,6.66,0.37,0.61,0.64
1980-06-01,7.8,1.36,0.37,0.03,3.54,6.41,1.22,0.17,0.02,0.61,1.71,0.89,0.02,,4.18,9.93,0.95,0.42,0.0
1980-08-01,2.96,0.36,1.58,0.06,2.59,0.32,0.42,6.3,0.0,2.09,5.43,0.41,0.38,0.1,1.43,0.02,1.54,4.22,0.0
1980-10-01,5.84,2.24,0.0,0.02,2.69,2.65,0.65,0.13,0.0,4.47,7.08,0.0,1.04,,3.25,3.14,0.24,0.47,0.0
1980-12-01,0.76,0.89,2.64,0.08,0.73,1.66,1.7,0.05,0.0,0.56,1.28,0.0005,0.23,3.29,1.49,0.51,0.18,0.19,1.41
1981-02-01,6.63,2.64,1.58,1.08,3.12,3.08,0.46,0.3,0.02,2.93,2.3,0.1,0.38,,4.53,3.35,0.33,0.41,2.06
1981-04-01,1.38,2.13,1.45,0.2,3.49,2.06,3.16,0.8,0.0,2.66,3.61,0.13,1.06,1.31,0.87,0.63,0.59,0.3,0.68
1981-06-01,9.27,5.28,14.28,0.0005,2.11,4.6,4.23,2.08,0.0,3.21,4.7,1.34,0.38,,3.01,5.2,1.83,1.21,0.0
1981-08-01,9.33,0.98,1.19,0.11,1.34,3.73,2.5,6.25,0.0,2.46,6.36,1.42,0.68,0.17,5.9,3.21,6.86,0.99,0.0
1981-10-01,1.04,7.45,4.52,1.34,2.09,5.4,6.76,1.52,0.18,2.47,7.24,0.23,1.48,4.74,3.77,5.21,2.95,0.51,0.56
1981-12-01,3.2,0.69,0.15,0.0,3.01,0.45,0.33,0.0005,0.0,4.27,0.91,0.48,0.15,6.62,8.49,1.21,0.0,0.03,0.52
1982-02-01,2.47,4.12,2.17,0.67,5.11,,0.29,0.23,0.35,4.48,0.61,0.91,0.78,8.21,6.18,4.89,0.49,0.69,1.01
1982-04-01,4.46,2.95,2.45,0.0005,3.14,2.21,1.41,0.48,0.0005,2.09,4.52,0.3,0.17,,5.02,9.15,0.08,0.01,2.61
1982-06-01,5.23,5.06,5.16,0.0005,3.63,6.9,4.35,3.31,0.0,4.02,5.13,4.81,0.09,4.0,4.53,4.58,1.8,0.32,0.0
1982-08-01,5.19,3.81,1.17,1.97,5.12,1.88,0.77,0.9,0.06,5.5,4.57,0.68,2.95,0.36,2.09,8.49,1.71,4.67,0.0005
1982-10-01,0.55,4.49,1.3,0.0005,2.37,3.14,0.34,1.83,0.0,2.65,2.53,0.07,1.09,6.76,2.26,4.44,0.08,0.02,0.33
1982-12-01,2.94,10.23,2.33,1.64,3.66,9.38,1.11,1.08,0.4,4.34,5.18,0.63,1.0,9.88,5.19,15.99,1.39,0.97,3.74
1983-02-01,5.86,6.96,3.93,1.17,4.09,2.41,0.78,1.63,0.5,5.09,1.38,0.85,1.96,8.2,5.37,3.53,0.23,,7.53
1983-04-01,5.72,2.85,0.26,0.18,6.33,4.92,1.09,1.15,0.08,5.94,7.33,1.86,0.95,5.31,4.3,5.29,0.56,0.31,4.43
1983-06-01,9.03,6.36,3.29,0.0,1.53,2.84,3.2,2.64,0.0,2.83,5.32,0.65,1.01,0.66,0.57,7.41,1.57,0.3,0.0
1983-08-01,3.3,1.32,4.05,2.48,1.54,1.39,0.3,0.58,1.12,4.27,1.29,0.87,0.8,0.52,1.61,0.97,0.07,3.4,1.22
1983-10-01,2.46,1.89,4.71,0.71,2.36,2.53,10.43,1.8,0.01,3.15,8.21,0.13,0.38,1.38,1.9,3.15,2.87,1.93,2.92
1983-12-01,9.22,6.23,0.93,1.16,4.57,4.06,0.37,0.96,0.54,4.46,1.79,0.4,1.4,12.58,6.16,10.43,0.44,0.05,3.99
1984-02-01,5.34,4.82,3.0,0.0,5.25,4.58,1.35,0.11,0.0005,4.75,2.91,0.59,0.25,4.8,5.91,5.4,,0.0,0.0
1984-04-01,5.44,3.64,0.8,0.91,2.37,1.97,2.04,1.66,0.0,5.14,4.99,1.3,1.01,1.96,4.73,4.1,1.02,1.56,0.08
1984-06-01,2.59,4.06,2.37,0.18,3.81,0.35,4.82,3.0,0.0,,1.09,0.4,1.06,1.11,3.08,5.22,4.02,0.16,0.0
1984-08-01,3.37,6.6,1.2,0.87,3.49,2.95,1.25,3.95,1.2,2.94,2.32,0.25,0.55,0.0,4.26,3.67,3.58,2.92,0.16
1984-10-01,1.64,17.98,9.69,0.31,1.52,13.62,1.13,3.44,0.02,1.76,7.61,2.04,2.14,3.12,1.37,12.58,3.89,1.17,0.26
1984-12-01,,2.71,5.44,2.93,1.07,5.7,4.19,1.61,,1.87,6.32,0.45,2.29,1.33,2.03,1.24,1.25,,5.84
1985-02-01,2.19,2.58,2.5,0.18,5.14,3.7,2.42,0.55,0.0,3.8,4.71,0.64,0.12,3.0,6.86,3.49,0.04,0.3,1.25
1985-04-01,3.18,3.38,1.76,0.17,1.87,6.11,2.88,1.31,0.0,0.75,4.99,1.57,1.72,0.73,2.06,3.8,1.08,0.56,0.0
1985-06-01,10.58,4.2,1.96,0.0,3.76,2.55,5.27,2.12,0.0,1.78,4.44,0.28,0.14,0.37,3.6,2.08,3.01,0.54,0.0
1985-08-01,7.99,1.65,0.73,0.21,6.51,3.55,3.39,2.57,0.0,12.49,6.83,1.05,0.03,0.0,4.49,4.15,2.03,1.05,0.0005
1985-10-01,7.35,7.65,5.44,0.92,2.51,5.07,4.89,4.71,0.0,6.24,6.65,1.44,1.39,3.03,7.19,4.15,2.36,0.65,0.32
1985-12-01,1.84,5.2,5.01,0.86,0.73,1.65,0.12,0.02,0.09,0.77,2.72,0.25,0.02,4.94,1.47,2.16,0.0,0.15,1.29
1986-02-01,4.6,4.42,3.69,1.19,2.22,3.46,0.33,0.98,0.08,2.76,1.89,0.14,1.37,22.57,1.55,1.81,1.1,0.63,8.73
1986-04-01,0.41,5.39,1.37,0.01,1.13,7.38,2.05,0.44,0.02,1.27,8.01,0.25,1.59,1.22,0.83,1.83,,0.04,1.8
1986-06-01,3.61,12.61,8.31,0.01,1.22,2.74,3.81,5.34,0.0,0.93,4.14,,1.06,0.0,1.41,6.69,2.46,1.45,0.0
1986-08-01,10.34,2.38,3.45,1.27,4.96,6.59,6.4,2.24,0.17,7.41,2.8,3.1,2.4,0.01,8.99,2.6,3.69,5.29,0.0005
1986-10-01,5.66,7.27,5.59,0.41,2.73,4.43,5.85,2.45,0.09,2.74,4.17,2.15,1.26,0.02,4.2,3.35,2.12,1.72,0.0
1986-12-01,5.67,6.43,2.73,1.38,3.17,1.8,0.77,0.79,0.0005,5.62,,0.12,0.67,1.24,3.75,7.96,1.31,1.25,0.32
1987-02-01,5.66,9.52,3.36,2.06,3.86,4.69,2.62,1.45,0.06,2.73,4.57,1.34,1.26,5.29,4.4,7.57,1.16,1.58,1.33
1987-04-01,0.66,0.49,0.58,0.09,5.72,0.99,0.02,0.78,0.04,7.64,1.26,0.26,1.5,0.91,0.64,2.85,0.22,0.28,0.14
1987-06-01,4.82,2.66,9.39,0.01,5.35,3.91,4.42,1.68,0.0,2.57,1.1,2.28,0.08,0.05,5.26,2.13,4.86,0.57,0.0
1987-08-01,12.89,1.74,1.31,0.45,1.96,7.79,1.67,3.16,0.0,3.22,4.93,2.92,4.34,0.0,3.4,2.77,8.29,2.45,0.01
1987-10-01,0.2,2.37,0.46,0.47,0.46,2.75,1.72,0.22,0.24,1.5,3.05,0.03,2.26,3.63,0.65,0.66,0.71,0.67,1.99
1987-12-01,1.03,9.46,3.83,1.62,2.83,7.77,2.96,0.43,0.57,2.83,6.86,0.6,0.78,,2.17,6.93,0.93,1.08,3.85
1988-02-01,7.12,2.9,,0.23,0.99,2.62,0.03,0.0005,0.37,3.39,2.44,0.25,0.5,0.8,2.47,2.34,0.17,0.28,3.12
1988-04-01,2.3,2.81,1.32,1.09,,4.05,3.18,2.49,1.7,1.99,2.71,1.74,0.78,3.23,3.41,3.77,1.47,0.94,
1988-06-01,2.86,1.15,4.16,0.02,1.63,1.46,1.23,3.73,0.12,2.08,0.83,1.91,1.4,0.45,7.37,0.04,4.72,1.61,0.19
1988-08-01,16.08,2.18,0.09,0.63,5.58,2.23,0.87,1.87,0.22,2.34,3.05,0.58,1.82,0.0,7.65,0.45,3.63,5.32,0.0
1988-10-01,2.95,6.72,1.53,2.38,2.34,2.64,1.5,0.41,0.0,3.32,1.64,0.02,0.1,0.0005,3.15,,0.35,1.04,0.0
1988-12-01,1.43,6.23,3.15,0.14,,2.25,0.52,1.49,0.03,0.77,2.92,0.22,0.88,5.35,0.44,7.98,0.14,0.55,4.04
1989-02-01,0.85,8.3,4.4,0.0005,2.16,8.51,1.21,0.24,0.0,4.81,2.21,0.08,,1.92,,10.92,0.7,0.17,4.47
1989-04-01,2.05,2.96,2.69,0.0,,1.48,0.01,0.18,0.0,4.7,0.99,0.29,,1.14,5.47,1.49,0.0005,0.0,0.17
1989-06-01,8.93,12.85,7.15,0.0,3.1,7.08,7.32,4.47,0.0,4.29,3.92,1.54,,1.43,9.13,12.6,6.22,0.0005,0.0
1989-08-01,6.09,2.35,4.17,1.11,3.8,0.51,3.11,4.81,0.0,4.17,2.64,1.25,,0.05,3.2,3.72,4.33,1.44,0.0
1989-10-01,1.5,1.45,1.02,0.46,2.94,0.61,1.45,0.43,0.0,3.26,2.04,0.18,0.27,4.47,2.11,0.95,0.0005,1.5,0.93
1989-12-01,,2.89,0.53,0.19,,1.32,0.03,0.2,0.0,2.41,0.49,0.19,0.0,0.0,4.39,2.86,0.58,0.15,0.0
1990-02-01,3.71,8.28,4.97,0.7,,5.11,2.98,1.37,0.1,2.7,4.57,0.89,0.38,4.59,4.69,12.53,0.87,0.15,2.93
1990-04-01,1.96,6.21,5.65,0.17,,8.92,4.49,0.29,0.0,2.82,3.79,0.64,0.8,2.4,2.4,4.6,0.84,0.72,0.09
1990-06-01,7.64,5.98,1.63,0.04,1.12,3.05,1.71,0.07,0.04,0.35,5.44,1.63,1.13,0.38,2.3,0.73,0.0,0.09,0.02
1990-08-01,4.43,2.64,0.96,2.7,3.04,3.28,2.54,2.25,0.0005,6.07,4.6,0.1,0.8,0.1,4.47,0.51,2.19,2.65,0.1
1990-10-01,3.05,6.5,1.35,0.04,5.31,1.93,0.79,0.3,0.0,4.58,5.13,0.78,1.82,0.08,10.45,2.98,0.44,0.25,0.0005
1990-12-01,1.32,5.57,0.94,0.46,4.65,4.42,0.75,0.25,0.0,1.69,,0.25,0.9,1.53,2.86,10.97,0.0005,,0.03
1991-02-01,2.13,6.6,1.96,0.56,3.56,1.31,0.0005,0.0,,1.27,0.87,0.01,0.45,3.31,2.02,12.32,0.17,0.26,2.75
1991-04-01,7.3,17.29,3.26,0.0,5.28,7.43,1.14,0.0,0.0,1.31,5.0,0.97,0.01,1.15,5.51,17.94,0.0,0.0,0.0005
1991-06-01,9.3,1.61,1.11,0.0005,3.58,1.11,4.58,1.87,0.0,3.06,4.55,1.9,0.05,,5.69,2.24,3.62,1.06,0.07
1991-08-01,6.56,1.06,6.07,0.12,5.46,3.22,2.64,4.44,0.0,4.14,2.81,2.04,1.18,0.0,6.6,0.98,1.21,1.65,0.0005
1991-10-01,2.57,4.78,4.7,1.16,0.18,10.66,2.38,0.32,0.0,2.7,1.66,0.8,1.41,4.33,0.13,3.82,0.31,0.6,0.51
1991-12-01,0.68,5.78,8.31,1.63,4.04,4.56,4.43,1.79,0.25,3.41,4.54,0.24,1.43,3.61,3.54,9.61,3.65,0.81,4.43
1992-02-01,2.31,4.95,5.38,0.9,2.92,1.3,1.03,0.52,1.03,3.03,1.71,0.46,1.54,7.87,3.88,3.14,0.24,0.15,12.5
1992-04-01,1.79,2.69,1.84,0.49,2.16,1.09,0.98,0.82,0.0005,2.6,4.2,0.01,0.11,0.5,2.22,1.88,,0.61,0.1
1992-06-01,5.95,6.49,3.65,0.04,2.8,5.27,6.98,2.68,0.0,4.17,5.38,2.43,0.29,,7.22,7.16,3.73,0.24,0.0
1992-08-01,7.37,0.86,1.14,1.3,7.71,3.69,5.22,2.82,0.0,6.3,2.12,2.03,1.26,0.06,6.47,2.48,2.17,5.67,0.0
1992-10-01,3.98,,1.4,0.26,3.19,1.51,0.06,0.14,0.15,1.82,2.38,0.54,1.46,2.78,6.07,1.25,0.37,0.72,1.88
1992-12-01,1.02,5.98,3.78,3.08,3.34,5.2,2.85,0.21,0.87,2.96,7.16,0.19,2.29,10.56,3.89,,0.87,1.32,6.04
1993-02-01,5.05,1.55,4.35,1.72,2.26,3.12,1.94,0.35,1.35,2.32,3.33,1.05,3.73,8.71,4.56,2.21,0.21,0.58,10.63
1993-04-01,1.2,5.17,3.29,0.0,2.58,7.04,4.1,0.68,0.0,3.96,3.6,1.28,0.59,1.6,2.28,7.2,0.25,0.03,0.0
1993-06-01,6.7,3.79,2.37,0.01,2.26,5.77,0.8,3.11,0.0,4.44,10.49,1.92,0.12,1.71,1.64,4.51,1.0,0.19,1.6
1993-08-01,1.17,2.25,0.04,0.55,4.17,3.44,2.88,2.71,0.0,2.05,3.77,1.75,1.79,0.0,1.66,4.35,4.05,4.63,0.0
1993-10-01,4.23,7.12,11.94,1.27,1.73,4.58,1.42,1.94,0.0,2.56,1.22,0.53,1.43,1.44,5.64,3.14,0.94,1.16,0.15
1993-12-01,2.31,7.9,1.37,0.02,3.86,3.13,1.29,0.02,0.06,3.82,1.73,0.0005,0.42,,3.33,5.78,0.12,0.13,1.47
1994-02-01,1.49,5.36,3.7,0.54,4.54,2.98,0.9,0.05,0.05,4.65,1.79,0.0,1.47,5.92,3.85,4.1,0.18,0.31,6.36
1994-04-01,0.86,1.28,2.52,0.09,4.6,5.53,3.96,1.97,0.01,2.58,9.79,2.06,2.67,,0.54,1.55,0.59,0.12,0.42
1994-06-01,10.37,2.98,1.72,0.0005,6.16,2.37,1.72,0.84,0.0,0.67,2.96,1.16,0.0005,0.0,8.56,7.36,0.41,2.25,0.0
1994-08-01,5.21,4.03,1.01,0.02,5.82,4.86,1.55,2.22,0.0,2.7,5.31,2.52,1.08,0.0,8.65,1.04,2.29,3.21,0.0
1994-10-01,9.51,10.2,6.87,0.55,2.51,1.68,3.55,1.51,0.0,2.78,7.76,1.15,1.86,,4.93,3.38,,1.85,0.76
1994-12-01,1.38,6.13,6.11,3.03,1.24,4.41,0.27,0.4,,0.91,0.81,0.07,2.01,,6.4,3.87,0.17,0.58,0.96
1995-02-01,1.77,2.33,0.57,0.34,4.29,0.66,0.02,0.01,0.17,1.63,0.87,0.17,0.95,1.7,6.17,3.42,0.28,0.55,1.88
1995-04-01,4.01,5.56,9.39,0.29,1.72,4.52,3.13,0.28,0.0,2.13,9.42,2.63,1.21,4.91,1.2,6.14,0.36,0.22,0.37
1995-06-01,9.48,3.61,3.39,0.0005,6.62,5.34,6.28,1.11,0.02,2.35,10.27,4.8,0.56,1.57,6.92,3.15,1.62,0.27,0.34
1995-08-01,8.25,0.58,5.12,3.5,4.62,0.34,6.64,1.23,0.0005,4.19,0.7,0.45,1.41,0.0,6.86,0.57,1.79,2.59,0.0
1995-10-01,5.08,0.92,0.68,0.0,4.36,2.08,0.85,0.33,0.04,6.33,0.61,0.03,0.0,0.0,4.28,1.77,0.8,0.0005,0.0
1995-12-01,1.36,4.86,1.22,0.01,0.9,4.71,0.77,0.4,0.07,1.8,3.38,0.03,0.19,8.82,2.59,,0.27,0.56,2.0
1996-02-01,1.38,1.56,0.24,1.03,2.84,0.97,0.03,0.06,0.33,,0.25,0.39,0.43,10.0,2.76,2.67,0.09,0.32,9.5
1996-04-01,2.63,3.6,3.26,0.0005,3.39,5.12,0.18,0.0,0.0,3.27,3.52,0.35,0.25,4.1,4.8,6.54,0.0,0.0,1.1
1996-06-01,6.61,4.54,2.88,0.0005,3.63,6.08,1.88,3.88,0.0,3.9,5.32,2.61,0.55,0.64,2.02,3.33,4.36,0.73,0.0
1996-08-01,7.42,5.37,6.11,0.34,6.36,4.08,,2.44,0.0,5.15,2.75,2.68,1.08,0.03,2.16,2.19,7.21,1.62,0.0
1996-10-01,6.83,3.5,1.45,0.37,1.29,2.73,,1.62,0.42,5.0,5.67,0.46,2.1,5.49,4.02,2.99,0.53,1.83,3.32
1996-12-01,3.92,4.44,2.79,0.02,3.61,2.13,,0.15,0.11,5.44,0.09,0.11,0.95,10.68,3.22,2.39,0.01,0.0,6.89
1997-02-01,1.86,6.36,7.98,0.55,2.74,5.31,,0.81,0.01,4.48,5.91,,1.77,0.85,5.26,7.48,0.43,,0.15
1997-04-01,7.18,12.9,6.11,0.24,3.98,4.61,,4.89,0.0,4.8,2.42,1.71,1.99,0.93,4.03,5.9,3.53,0.08,0.0
1997-06-01,5.73,6.24,4.42,0.0005,4.09,5.24,,3.39,0.4,2.53,6.31,1.16,0.48,0.65,3.97,4.88,3.11,0.75,0.02
1997-08-01,4.86,2.13,3.2,1.39,1.08,1.76,,4.54,0.0005,0.44,5.28,2.34,2.9,0.48,2.05,6.15,2.05,1.5,0.0
1997-10-01,3.53,4.84,,0.07,2.33,4.35,,0.64,0.0,3.78,3.22,3.21,1.66,0.43,5.32,5.07,0.46,1.33,0.0
1997-12-01,5.01,5.24,9.69,0.83,3.51,5.1,,2.7,0.52,2.96,3.79,1.02,1.3,3.87,5.1,3.99,3.47,1.09,6.29
1998-02-01,9.87,6.33,3.41,2.93,4.37,5.0,,0.61,2.31,5.49,1.3,0.27,1.78,18.82,5.76,6.65,0.76,0.53,23.76
1998-04-01,2.94,1.63,2.12,0.43,6.28,2.66,0.74,1.23,0.17,4.54,3.48,0.53,0.73,2.59,4.44,3.23,0.24,0.58,2.48
1998-06-01,4.01,2.19,1.43,0.0,4.08,2.41,0.41,0.14,0.22,1.68,3.61,0.48,0.12,1.67,3.47,2.06,0.01,0.0,0.36
1998-08-01,5.99,6.01,2.22,1.05,1.42,1.46,0.64,4.56,0.04,1.82,2.89,2.71,0.44,0.0,2.32,0.78,2.07,1.62,0.0
1998-10-01,3.12,2.82,,1.03,1.05,8.5,5.91,4.6,0.06,0.69,6.81,1.24,3.58,0.74,2.32,1.03,6.42,0.99,0.0005
1998-12-01,0.53,6.83,5.55,0.68,3.85,3.32,0.84,0.21,0.0,5.53,1.18,0.22,0.22,1.66,3.02,6.44,0.26,0.35,0.57
1999-02-01,1.41,0.48,0.05,0.17,2.95,0.72,0.1,0.0,0.0,1.54,2.45,0.07,0.72,10.25,2.93,3.23,0.0,0.0,0.92
1999-04-01,1.27,5.4,3.49,1.13,2.58,5.27,2.91,1.84,0.46,4.58,5.83,5.04,2.91,3.08,3.31,5.77,1.6,0.03,2.87
1999-06-01,10.56,3.51,2.54,0.0005,4.63,4.75,2.22,1.73,0.0,3.0,8.73,1.01,0.95,0.53,4.13,5.0,1.43,0.3,0.13
1999-08-01,8.8,1.77,0.12,0.92,1.81,1.87,0.0005,2.34,0.0,4.55,0.48,2.57,2.05,0.15,3.39,0.69,4.59,4.81,0.0
1999-10-01,0.48,3.1,3.21,0.0,2.23,2.68,2.5,0.65,0.0,3.28,1.2,0.3,0.0005,0.65,4.03,2.7,0.42,0.0,0.0
1999-12-01,0.95,4.38,3.22,0.0,1.09,5.85,4.25,0.82,0.0,2.43,5.35,0.0005,0.16,0.31,1.52,3.86,0.42,0.05,0.0
2000-01-01,3.72,1.69,1.9,0.01,3.72,2.28,0.06,0.01,0.0005,4.45,,0.15,1.83,11.52,8.53,,0.0005,0.0005,1.77
2000-02-01,1.85,1.94,1.41,0.0005,2.28,1.3,1.61,0.0,0.43,1.38,2.8,0.17,1.03,11.34,1.46,4.14,0.0,0.25,10.06
2000-03-01,3.79,6.04,2.55,2.98,3.5,2.62,4.39,1.75,0.29,3.77,4.06,1.9,3.62,1.34,4.21,7.46,1.26,1.07,2.71
2000-04-01,0.58,3.46,2.1,0.0,4.32,1.76,5.73,0.74,0.0005,5.88,0.93,0.9,0.0005,3.17,2.17,5.31,0.58,0.0005,3.59
2000-05-01,0.42,9.44,4.63,0.0,2.49,3.3,0.66,0.85,0.0005,3.72,9.17,0.82,0.21,2.68,0.12,5.65,0.04,0.0,0.0
2000-06-01,8.31,5.65,13.52,0.34,4.35,8.36,7.12,1.17,0.0005,3.98,10.22,0.6,0.06,0.72,5.32,5.31,7.01,0.22,0.0
2000-07-01,8.0,0.69,0.0,0.28,2.21,1.32,0.98,2.25,0.0,5.44,2.89,1.35,0.21,0.0,4.15,2.57,1.84,0.72,
2000-08-01,4.37,0.0,0.1,0.58,4.37,0.31,0.0,0.26,0.24,5.03,0.55,0.4,1.3,0.09,5.75,0.0,0.21,2.99,0.0
2000-09-01,4.66,2.35,1.21,0.01,2.78,3.47,0.36,0.05,0.0,5.59,,0.41,0.97,0.5,8.21,1.02,0.01,0.08,0.0
2000-10-01,0.16,1.23,3.13,3.17,0.04,2.4,4.28,3.83,0.02,0.0,2.45,1.52,3.64,3.65,0.02,0.0,4.81,3.82,
2000-11-01,1.09,9.72,6.96,0.5,1.98,7.45,1.27,0.43,0.0,2.47,4.26,0.03,1.24,1.78,3.65,10.7,2.95,1.22,0.0
2000-12-01,1.42,5.76,2.87,0.0,1.3,3.09,0.88,0.84,0.0,1.78,1.24,0.4,0.68,0.68,1.52,3.04,0.58,0.1,
2001-01-01,0.86,3.47,3.0,1.77,2.33,2.76,1.09,0.67,1.03,2.51,3.14,0.9,1.76,6.16,2.16,4.18,1.47,0.85,6.9
2001-02-01,0.73,11.3,4.76,0.86,2.71,7.97,2.09,0.95,1.32,2.46,4.67,0.29,1.34,5.7,2.87,,0.21,0.4,7.29
2001-03-01,6.68,6.09,6.22,0.77,4.04,2.44,0.81,3.45,0.06,5.27,0.18,0.93,1.04,3.13,8.0,,1.86,0.27,
2001-04-01,0.95,3.31,1.21,1.06,2.15,2.23,0.97,0.1,0.02,1.95,1.48,0.93,1.28,3.32,1.16,,0.08,0.89,1.94
2001-05-01,2.08,7.18,4.01,0.02,2.47,5.81,8.46,2.82,0.01,1.3,3.23,4.23,0.48,0.07,2.45,,1.32,1.09,0.02
2001-06-01,5.13,1.73,0.78,0.01,5.29,3.13,0.53,1.76,0.0,5.78,5.81,2.94,0.3,0.0,6.21,,0.76,0.09,
2001-07-01,6.65,2.15,0.9,0.67,8.56,2.57,0.06,0.67,0.25,3.79,3.35,3.53,1.05,0.26,2.52,4.1,1.54,2.62,0.03
2001-08-01,6.06,2.81,3.02,0.46,3.68,3.36,3.63,2.83,0.0,5.43,2.08,0.26,2.14,0.0,1.2,2.34,1.62,2.42,0.0
2001-09-01,9.95,4.68,3.1,0.0,3.42,4.26,2.32,0.19,0.0,0.91,4.11,1.03,0.03,0.3,2.47,1.21,2.34,1.37,0.0
2001-10-01,0.37,7.43,4.33,0.02,0.66,4.04,0.13,0.15,0.0,0.81,5.13,0.0005,0.34,0.9,0.74,11.26,0.74,0.07,0.31
2001-11-01,0.99,5.54,3.63,0.2,0.63,2.81,1.27,1.57,0.01,0.42,3.79,0.47,1.43,8.25,1.43,4.28,0.82,1.67,3.54
2001-12-01,1.86,8.47,4.58,0.88,2.29,8.23,0.14,0.34,0.0005,2.24,2.97,0.26,1.17,10.98,1.71,11.23,0.03,0.54,1.63
2002-01-01,5.73,2.84,0.55,0.05,4.01,4.81,0.16,0.54,0.0,3.61,3.11,0.34,0.16,2.22,4.05,5.84,0.71,0.96,1.21
2002-02-01,1.02,2.19,2.64,0.0,0.8,1.32,0.58,0.16,0.0,1.21,1.1,0.03,0.0005,1.91,2.58,3.31,0.01,0.0,0.34
2002-03-01,6.83,11.1,2.26,0.08,4.93,10.02,1.23,0.32,0.2,3.95,2.9,0.1,0.85,4.03,5.88,11.55,1.27,0.14,
2002-04-01,2.97,3.0,1.63,0.06,1.02,5.0,3.23,0.53,0.0,3.6,4.51,0.21,0.07,1.83,1.55,3.91,0.2,0.15,0.06
2002-05-01,2.71,,5.76,0.0,4.43,5.7,0.84,0.65,0.0,2.33,10.78,0.33,0.02,1.75,5.39,10.19,0.0005,0.0,0.13
2002-06-01,4.49,2.44,1.24,0.0005,2.96,2.43,1.94,0.67,0.0,3.73,4.85,0.65,0.01,0.1,,0.71,0.85,0.0005,0.04
2002-07-01,8.25,4.75,1.83,1.18,4.63,6.48,2.46,4.38,0.06,1.72,3.36,0.08,0.04,0.0,0.81,6.12,1.49,3.95,0.0
2002-08-01,5.45,2.65,0.0,0.0005,1.06,4.74,0.79,0.72,0.0,3.93,2.22,2.32,0.5,0.0,3.46,3.67,5.65,1.98,0.0
2002-09-01,3.31,2.31,2.83,0.5,2.88,2.18,3.43,4.0,0.0,4.07,4.08,1.89,2.9,0.51,3.94,7.66,1.95,3.66,0.01
2002-10-01,2.83,3.86,7.14,0.37,3.54,2.16,5.83,1.2,0.05,7.37,3.71,1.11,1.78,0.23,2.64,7.74,2.99,0.81,0.0
2002-11-01,3.78,2.73,0.58,0.42,3.67,1.78,0.7,1.49,0.02,4.54,0.62,0.08,0.73,7.63,4.11,4.61,0.29,0.28,6.61
2002-12-01,5.97,7.96,5.76,0.16,4.07,5.2,2.15,0.73,0.15,4.98,,0.54,0.83,11.85,4.76,3.23,1.08,0.96,4.11
2003-01-01,2.15,0.25,0.56,0.57,2.1,0.39,0.0005,0.01,0.0005,2.78,0.46,0.07,0.44,0.91,1.88,0.94,0.0,0.05,0.0005
2003-02-01,6.69,7.42,3.31,3.15,4.24,3.56,0.59,0.64,1.16,,3.31,0.41,3.53,2.88,5.01,6.57,0.37,0.99,
2003-03-01,14.06,1.87,1.15,0.51,3.32,1.97,0.6,1.25,0.05,5.45,4.41,0.82,1.61,2.83,10.63,,0.25,0.45,
2003-04-01,2.53,1.49,1.75,0.17,3.55,1.28,2.62,0.69,0.63,5.58,3.04,0.65,0.08,7.29,7.64,2.41,0.02,0.05,
2003-05-01,2.78,3.84,1.56,0.0,6.88,4.4,3.16,1.88,0.01,6.98,4.46,2.0,0.46,2.72,8.54,6.46,0.77,0.0005,
2003-06-01,11.97,5.33,4.29,0.0,4.62,3.71,9.72,3.99,0.0,5.72,9.35,3.23,0.14,0.0,5.83,,4.18,0.42,
2003-07-01,6.03,3.21,0.44,0.61,5.75,1.52,0.14,0.53,0.05,7.87,3.88,0.55,0.22,0.61,8.93,3.98,0.0,1.9,0.0005
2003-08-01,6.5,4.61,3.65,0.51,2.43,3.4,4.7,4.26,0.15,7.6,4.67,0.4,1.25,0.9,6.3,,0.38,3.08,0.0
2003-09-01,3.32,5.71,4.99,0.25,3.28,2.35,0.75,0.3,0.0,13.0,2.98,0.84,1.57,0.12,1.96,3.88,0.83,1.11,0.0
2003-10-01,4.0,1.62,6.34,0.21,1.06,2.2,0.99,0.96,0.0,2.68,2.56,0.14,1.03,0.05,2.42,1.78,0.59,0.95,0.04
2003-11-01,1.56,3.55,1.49,0.65,4.85,5.85,0.63,0.92,0.67,4.22,3.19,0.13,1.55,2.75,1.68,2.92,0.25,0.44,2.37
2003-12-01,1.8,2.71,0.97,0.19,2.5,2.87,0.31,0.22,0.24,4.87,3.15,0.05,0.58,10.15,2.47,,0.02,0.25,2.17
2004-01-01,2.06,3.22,4.91,0.82,1.42,2.07,0.55,0.07,0.0,1.62,3.85,0.27,1.24,2.94,2.2,4.81,0.18,0.31,0.63
2004-02-01,5.76,5.53,4.07,1.02,3.13,2.23,1.44,0.59,0.85,5.85,1.05,0.19,2.51,8.46,5.58,3.8,1.13,0.22,7.3
2004-03-01,1.47,5.96,1.9,1.28,3.71,3.27,4.04,0.94,0.04,2.0,6.58,0.37,0.2,,1.01,4.18,1.42,0.72,0.68
2004-04-01,1.02,3.19,7.25,0.9,3.77,9.36,2.85,3.73,0.11,5.76,5.98,4.07,1.65,0.54,1.37,5.8,2.97,1.56,0.46
2004-05-01,1.79,11.43,,0.0,3.22,2.41,0.23,0.29,0.0,3.63,4.7,0.0005,0.0,1.05,2.29,5.45,0.31,0.0,0.0
2004-06-01,8.09,7.26,5.75,0.0,4.6,5.84,6.82,1.87,0.16,10.06,6.38,4.35,0.11,0.07,7.2,7.18,3.0,0.29,0.0
2004-07-01,9.04,4.36,2.08,0.59,4.21,6.66,3.33,2.27,0.0,9.56,10.29,2.73,0.57,,3.19,1.02,3.08,1.86,0.0
2004-08-01,8.39,3.32,3.03,0.36,2.47,3.5,2.32,2.75,0.33,18.42,1.07,3.4,0.26,0.0,3.27,1.92,3.5,2.48,0.0
2004-09-01,28.01,0.88,0.62,0.15,10.22,0.22,1.32,3.98,0.53,4.34,0.67,0.96,3.03,0.25,9.03,0.23,4.26,0.67,0.0
2004-10-01,2.03,7.63,10.03,0.78,1.69,8.85,7.11,2.78,0.14,2.14,4.78,0.47,1.21,6.69,0.95,5.78,4.66,0.64,5.76
2004-11-01,3.49,10.14,10.11,0.52,3.18,8.51,4.85,2.32,0.78,3.55,7.58,1.12,2.13,1.64,3.24,6.82,2.54,1.4,0.08
2004-12-01,4.21,3.78,0.75,1.56,2.49,1.8,0.69,0.39,1.31,2.36,1.62,0.13,2.48,4.34,1.26,,0.33,0.88,9.36
2005-01-01,1.95,5.14,2.87,1.85,1.97,5.29,1.81,1.33,1.84,,7.49,0.36,4.96,11.0,2.39,5.11,1.14,1.46,16.58
2005-02-01,4.12,2.15,2.47,3.01,2.64,2.16,0.6,1.1,1.26,1.29,2.63,0.49,3.02,6.07,4.95,,0.29,1.13,10.3
2005-03-01,7.2,2.43,3.3,0.36,2.96,2.9,0.09,1.16,0.2,2.51,1.42,1.18,1.31,,4.32,,1.14,0.71,3.08
2005-04-01,5.3,3.76,1.51,0.12,4.82,3.54,0.22,2.33,0.05,2.99,2.93,1.06,1.2,,3.31,5.13,0.41,0.64,0.67
2005-05-01,3.82,3.68,3.27,0.0005,2.67,2.15,2.14,2.35,0.0005,2.48,4.49,0.81,0.6,,4.0,1.07,0.49,0.02,1.11
2005-06-01,12.45,2.63,1.51,0.0005,4.7,6.18,1.41,0.14,0.0,1.64,3.36,2.0,0.46,,9.44,0.72,0.35,0.08,
2005-07-01,6.03,3.65,0.6,0.16,6.06,3.23,3.69,2.98,0.0,5.95,6.03,0.55,1.16,0.0,7.06,,1.55,0.82,0.0
2005-08-01,7.15,1.89,2.79,1.21,4.2,1.94,7.51,4.46,0.39,3.38,1.47,1.58,0.59,0.31,5.66,2.75,5.46,3.11,0.0
2005-09-01,2.84,5.7,3.5,0.16,1.06,7.54,4.5,4.28,0.76,0.21,4.51,0.22,1.68,0.6,0.28,3.18,1.05,1.08,0.37
2005-10-01,2.53,0.0,0.32,0.17,0.92,0.16,2.19,0.56,0.22,4.14,1.13,3.16,1.23,0.77,3.96,0.4,1.32,0.91,1.18
2005-11-01,1.33,3.13,1.22,0.0,4.26,2.6,0.0005,0.0005,0.01,3.38,2.35,0.11,0.19,,1.91,2.69,0.06,0.0005,1.26
2005-12-01,6.88,0.69,0.51,0.0,1.64,0.37,0.18,0.0005,0.0,5.65,0.25,0.16,0.13,,4.31,2.57,0.01,0.0005,1.8
2006-01-01,4.09,6.45,2.55,0.0,3.37,3.63,0.2,0.09,0.06,4.3,1.62,0.55,0.99,,3.26,10.78,0.0,0.18,5.48
2006-02-01,5.19,4.33,1.76,0.0,2.74,0.94,0.0005,0.0005,0.04,1.64,0.34,0.01,0.05,4.2,3.8,4.66,0.25,0.0005,4.16
2006-03-01,0.61,5.54,2.61,1.56,2.54,4.34,2.25,0.18,0.24,1.41,2.4,1.0,2.46,8.9,1.65,3.36,1.02,0.43,4.84
2006-04-01,1.31,1.87,2.57,0.0005,5.87,4.96,0.5,0.72,0.24,2.91,7.59,0.3,0.21,,1.99,6.08,0.59,0.33,5.39
2006-05-01,2.19,1.46,1.06,0.0005,3.11,2.8,4.04,1.14,0.01,2.84,8.15,1.05,0.02,,3.34,5.2,0.5,0.31,1.2
2006-06-01,9.21,1.44,2.59,0.0005,5.54,5.3,2.38,1.72,0.0005,7.27,2.25,0.46,0.32,0.0,4.46,1.07,1.72,0.37,0.0
2006-07-01,10.38,4.82,2.41,1.29,5.16,1.12,0.45,3.22,0.11,5.19,2.86,4.33,0.66,,3.01,1.39,1.14,,0.03
2006-08-01,,1.3,1.57,1.26,6.08,5.21,1.5,5.1,0.0,2.4,3.07,3.23,1.38,0.0,,3.07,8.41,4.33,0.0
2006-09-01,5.58,3.96,2.37,0.78,6.75,4.2,,1.42,0.52,8.81,5.79,3.67,1.15,0.0,4.61,,1.36,0.89,0.03
2006-10-01,1.36,3.43,3.31,0.22,1.83,6.43,4.23,1.08,0.2,10.18,1.03,3.05,3.64,,3.16,3.36,1.36,2.0,0.23
2006-11-01,1.47,3.19,1.03,0.0005,2.98,8.28,0.86,0.14,0.0,8.11,4.15,0.13,0.15,,4.47,10.85,0.06,0.25,0.11
2006-12-01,3.74,7.27,4.16,0.34,1.11,5.72,2.32,1.51,0.06,1.61,3.49,3.31,0.75,,3.67,7.49,2.4,0.33,0.94
2007-01-01,5.26,9.3,4.11,0.49,2.82,5.82,1.37,0.75,0.02,2.43,5.98,0.44,0.61,0.47,4.59,7.84,1.13,0.56,2.39
2007-02-01,1.76,2.27,1.23,0.4,1.48,1.98,0.66,0.18,0.14,2.37,2.03,0.18,0.46,,2.66,,0.12,0.58,2.1
2007-03-01,2.03,2.58,12.04,0.83,2.83,2.06,1.67,,0.08,2.23,3.7,0.26,0.29,,3.95,4.11,3.17,0.11,0.22
2007-04-01,1.08,6.13,2.05,0.21,1.55,3.36,2.22,0.82,0.07,4.62,4.58,1.87,1.32,,1.3,4.78,0.51,0.16,0.82
2007-05-01,,4.03,9.26,0.0005,1.8,2.45,2.32,0.81,0.0,4.48,5.9,2.27,1.14,0.67,1.61,5.9,3.84,0.51,0.0
2007-06-01,6.13,1.41,11.23,0.0,3.76,3.09,4.16,,0.0,4.24,9.11,3.05,0.38,0.0,2.79,1.97,4.08,0.36,0.0
2007-07-01,5.57,9.97,1.92,0.36,4.25,4.21,1.57,0.81,0.0005,5.09,4.06,0.8,1.05,,,5.89,1.28,3.33,0.0
2007-08-01,5.29,0.42,1.37,0.31,1.96,1.14,4.22,1.25,0.01,,3.62,1.2,1.16,0.02,2.6,1.54,0.85,5.4,0.0
2007-09-01,5.45,3.84,5.1,0.07,1.27,3.63,1.24,0.47,0.63,1.15,4.5,1.52,1.94,,3.46,2.57,1.97,0.98,0.61
2007-10-01,3.49,6.44,1.34,0.04,1.18,4.49,3.61,0.73,0.0,3.56,7.24,0.47,1.09,,2.09,4.32,0.02,0.15,0.32
2007-11-01,0.82,2.23,1.81,1.25,1.02,0.76,0.01,0.24,0.0005,0.67,0.66,0.03,1.01,0.0,1.21,1.29,0.24,0.06,0.11
2007-12-01,2.21,5.39,1.6,1.09,3.03,6.41,1.28,1.13,0.55,3.95,3.4,0.36,2.84,,5.21,5.04,0.73,2.09,1.1
2008-01-01,3.26,2.09,0.84,1.58,1.59,0.64,0.01,0.05,0.38,,1.55,,3.33,,3.32,2.57,0.04,0.98,9.11
2008-02-01,4.21,4.83,2.05,0.39,3.28,3.75,1.0,0.03,0.0005,3.24,5.46,0.26,3.31,,4.31,3.99,0.4,0.67,1.93
2008-03-01,4.38,3.0,5.87,0.0,4.25,13.98,2.66,0.21,0.0,3.08,7.97,0.73,0.08,,3.98,5.31,0.11,0.0005,0.02
2008-04-01,4.7,5.52,5.57,0.0,2.59,7.74,2.57,0.78,0.0,9.27,11.76,0.57,0.66,,4.14,7.34,0.37,0.0,0.08
2008-05-01,1.57,2.87,3.13,0.45,2.53,3.58,1.09,2.5,0.01,6.97,7.65,0.47,0.71,,3.09,12.13,1.26,1.14,0.13
2008-06-01,8.86,2.24,0.2,0.0005,4.72,7.24,1.25,2.04,0.0,1.07,8.77,0.64,0.74,,0.46,1.89,0.81,0.31,0.0
2008-07-01,6.77,1.1,1.98,2.15,2.78,3.25,2.96,5.64,0.04,3.39,1.94,1.79,1.64,,2.68,2.43,3.16,2.81,0.0
2008-08-01,12.71,10.95,1.64,3.55,5.92,6.81,2.32,3.61,0.0,,6.33,4.57,1.55,0.0,3.49,5.49,,2.29,0.02
2008-09-01,3.41,8.5,0.41,0.0005,1.25,9.35,0.85,0.58,0.0,7.42,7.06,0.45,0.32,0.03,2.53,5.29,1.81,1.24,0.0
2008-10-01,1.12,2.54,3.92,0.0005,1.11,3.44,2.42,2.91,0.15,,2.3,4.27,0.56,,2.85,4.72,2.31,1.32,0.1
2008-11-01,0.8,2.12,1.44,0.49,1.28,2.55,0.2,0.09,0.61,3.86,1.13,0.21,0.98,,4.75,2.7,0.04,0.41,2.36
2008-12-01,2.06,3.19,1.35,0.97,4.33,2.05,0.04,0.22,0.04,3.34,2.65,0.05,3.02,,5.57,6.0,0.05,,2.21
2009-01-01,3.64,2.86,,0.15,3.04,3.39,0.0005,0.0,0.03,1.86,0.8,0.0005,0.36,,1.92,2.83,0.0,,0.89
2009-02-01,1.31,1.88,1.07,1.32,1.81,1.9,0.29,0.68,1.36,0.63,2.23,0.3,0.82,,2.07,,0.45,0.21,4.97
2009-03-01,1.83,6.2,6.6,0.0005,2.55,3.84,2.02,0.91,0.0,5.51,3.1,0.74,0.03,,6.89,5.38,,0.32,0.55
2009-04-01,9.34,4.76,6.06,0.19,2.51,4.75,2.67,0.66,0.0,3.52,3.78,1.47,0.55,,3.71,5.33,0.4,0.13,0.16
2009-05-01,7.77,11.96,3.0,0.25,6.16,10.69,2.46,1.32,0.0,4.89,5.25,1.8,2.21,,6.98,13.3,0.73,1.03,0.02
2009-06-01,0.86,1.93,0.21,0.02,6.66,3.16,2.59,0.63,0.57,4.39,4.67,3.18,0.35,,3.03,,1.87,0.73,0.13
2009-07-01,5.53,7.87,3.04,0.4,3.93,2.96,3.24,2.48,0.02,2.85,6.58,2.55,1.11,0.0,3.26,7.64,,2.04,0.0
2009-08-01,6.44,1.2,1.24,0.29,3.8,3.84,0.91,2.81,0.02,3.91,5.83,2.06,0.05,0.0,4.84,1.2,1.85,1.83,0.0
2009-09-01,2.16,11.83,8.01,0.16,5.35,12.02,4.49,0.25,0.0,2.39,7.85,0.87,1.33,,3.73,7.45,2.52,3.46,0.0
2009-10-01,1.45,22.39,12.67,0.0005,3.23,9.74,2.77,1.71,0.0005,2.42,11.33,3.06,0.84,0.0,7.1,11.25,2.54,0.47,3.7
2009-11-01,1.84,1.89,1.35,0.01,3.86,2.04,0.21,,0.03,9.39,0.86,0.56,0.5,0.0,5.53,2.68,0.05,0.1,0.02
2009-12-01,5.05,7.34,1.81,0.47,5.59,2.91,,0.56,0.04,9.46,2.3,0.6,3.2,,8.58,7.72,0.68,0.61,3.63
2010-01-01,5.22,4.29,4.22,2.43,2.77,3.78,,0.99,1.56,2.93,1.98,0.85,4.28,,5.57,6.84,1.6,0.94,6.72
2010-02-01,3.72,5.07,3.1,1.36,2.69,2.92,,1.19,1.53,5.06,1.15,0.74,1.75,,3.55,3.46,1.04,0.74,4.47
2010-03-01,3.73,1.5,4.23,1.09,2.59,3.11,0.47,1.27,0.02,,5.19,2.07,1.53,2.79,3.96,2.93,0.81,0.35,0.37
2010-04-01,1.34,3.22,3.39,0.04,2.74,2.26,2.4,0.63,0.09,1.78,1.71,2.2,0.84,,1.2,5.28,1.4,0.51,2.38
2010-05-01,10.33,2.13,1.86,0.0,2.15,4.81,1.04,0.3,0.0005,4.79,11.37,1.25,0.05,0.0,2.85,5.76,1.45,0.3,0.16
2010-06-01,3.87,2.02,6.29,0.0005,2.41,1.32,1.56,1.26,0.0,1.89,2.46,1.19,0.13,0.0,3.63,2.93,1.36,,0.0
2010-07-01,4.92,2.02,4.41,1.97,5.49,6.82,13.77,3.93,0.01,2.13,9.23,3.63,1.1,0.0,0.69,2.86,3.48,4.57,0.01
2010-08-01,7.4,1.67,1.24,0.38,3.7,0.14,0.38,2.42,0.0005,5.79,0.85,2.3,1.42,0.0,9.0,5.86,3.45,2.18,0.0
2010-09-01,4.53,1.98,8.11,0.13,4.83,4.3,1.68,0.93,0.0,6.96,11.57,0.84,1.11,0.0,1.67,1.28,0.62,0.14,0.0
2010-10-01,0.02,1.4,0.9,0.66,2.17,1.58,1.64,0.94,0.13,4.01,0.91,0.0005,1.18,1.86,2.15,2.9,1.14,0.32,2.15
2010-11-01,1.04,5.39,1.53,0.01,1.62,3.42,1.63,0.12,0.02,1.32,3.78,0.06,0.37,,1.37,4.96,0.69,0.03,1.67
2010-12-01,1.3,0.82,1.2,1.07,4.74,1.88,0.15,0.27,0.47,5.22,0.29,0.26,3.04,,2.05,1.86,0.03,0.4,8.63
2011-01-01,6.37,2.89,3.28,0.04,2.03,1.05,0.06,0.0005,0.08,1.65,2.16,0.09,0.07,,2.44,3.26,0.0,0.0005,0.55
2011-02-01,4.54,3.64,2.65,0.66,2.42,3.72,0.25,0.39,0.14,1.01,4.98,0.2,0.21,,2.99,,0.07,0.43,4.09
2011-03-01,4.33,2.25,0.06,0.06,6.06,1.88,0.02,0.75,0.1,4.47,2.97,0.43,0.32,11.74,5.95,,0.0,0.08,6.32
2011-04-01,2.87,10.29,1.61,0.27,3.53,10.6,0.16,,0.0,,12.11,0.17,1.23,1.44,2.89,9.5,0.0,0.1,0.16
2011-05-01,1.05,2.76,2.27,0.01,5.44,6.92,5.47,0.03,0.07,3.9,12.38,0.69,0.65,2.17,3.04,2.51,0.03,0.04,0.97
2011-06-01,,1.08,0.29,0.0,6.57,0.41,0.43,0.18,0.0,,1.1,,0.05,,3.97,7.79,0.95,0.15,0.24
2011-07-01,6.53,2.03,0.0,1.41,2.34,0.67,0.38,1.42,0.27,7.97,1.34,0.97,1.3,0.0,1.06,3.22,1.54,4.07,0.0
2011-08-01,10.83,3.51,0.09,0.17,0.86,7.12,0.54,1.21,0.53,8.05,4.84,1.22,0.77,,1.68,5.0,1.59,,0.0
2011-09-01,6.03,1.38,1.26,0.02,5.71,1.15,0.46,,0.09,11.13,6.89,0.47,1.48,3.42,4.48,3.82,,2.1,0.01
2011-10-01,2.8,1.54,4.77,0.11,1.63,3.07,3.63,,0.0,2.86,1.65,0.14,1.07,,2.14,3.76,1.18,1.32,1.16
2011-11-01,1.8,5.3,2.04,0.81,4.38,11.96,3.78,0.01,0.01,,7.4,0.89,0.9,1.07,2.43,,0.1,0.66,1.78
2011-12-01,1.81,8.67,4.23,1.1,4.57,5.62,1.53,1.77,0.03,2.3,2.87,1.23,1.6,0.0,2.02,6.43,1.88,,0.25
2012-01-01,1.21,2.58,5.47,0.0005,3.31,4.89,0.79,0.0,0.02,1.88,0.62,0.14,0.96,4.98,2.45,2.69,0.0,0.15,1.19
2012-02-01,2.27,2.85,2.81,0.0005,1.6,2.1,0.38,,0.01,3.66,1.43,0.07,1.3,0.9,3.73,3.17,0.39,0.06,0.11
2012-03-01,3.26,9.2,5.96,0.25,4.37,8.19,4.27,0.09,0.0,2.05,7.63,0.27,0.28,,2.04,5.78,0.18,0.42,3.46
2012-04-01,2.9,3.68,3.32,0.08,5.33,2.32,5.26,0.18,0.23,2.89,5.72,1.55,0.23,4.45,0.73,3.29,0.0,0.04,2.33
2012-05-01,9.74,0.3,1.82,0.03,3.73,0.81,1.56,1.94,0.0005,5.51,2.14,0.33,0.01,0.33,2.64,1.29,0.52,0.0,0.03
2012-06-01,22.5,2.05,3.61,0.0,2.23,0.79,2.77,0.93,0.0,2.87,1.65,0.1,0.03,,3.5,2.96,1.13,0.27,0.0
2012-07-01,6.29,5.33,2.51,0.96,5.72,1.83,0.43,0.33,0.06,,0.45,0.4,1.36,0.01,5.29,3.55,1.41,2.95,0.0
2012-08-01,10.13,5.6,1.6,1.45,2.04,2.02,0.4,0.97,0.74,5.41,2.99,0.57,1.18,,4.78,3.65,2.6,2.91,0.0
2012-09-01,4.59,6.83,3.81,0.59,4.26,3.96,2.66,1.42,0.0,5.13,6.46,2.02,1.32,0.0,2.36,,1.16,0.58,0.0
2012-10-01,0.98,2.84,0.48,0.0005,4.01,1.76,0.09,0.38,0.59,3.94,6.59,0.42,0.31,,0.46,4.7,0.54,0.02,0.87
2012-11-01,0.15,1.98,0.04,0.05,0.77,0.74,0.82,0.0,0.0005,0.21,1.12,0.0005,0.17,,1.6,2.29,0.07,0.04,2.43
2012-12-01,3.96,5.55,1.21,0.87,2.42,3.63,0.45,0.5,0.02,2.87,1.83,0.0005,1.02,,4.79,5.33,0.31,0.6,2.14
2013-01-01,0.98,6.14,5.31,1.39,7.05,4.75,0.68,0.4,0.17,6.96,3.6,0.0005,1.59,,3.46,11.05,0.59,0.18,1.4
2013-02-01,7.61,4.59,1.13,0.31,2.1,3.76,2.66,0.88,0.0,3.14,2.9,0.02,0.59,,5.77,3.88,0.73,0.61,0.19
2013-03-01,6.33,3.53,1.11,0.85,3.81,4.97,0.14,0.0,0.57,4.44,2.96,0.56,0.99,,3.94,4.75,0.06,0.18,1.33
2013-04-01,4.66,5.48,2.96,0.06,4.97,4.11,2.38,0.01,0.0005,4.59,6.11,0.29,0.23,1.64,4.79,7.26,0.02,0.12,0.06
2013-05-01,3.91,3.33,4.51,0.0,4.23,4.71,3.04,0.82,0.0,4.34,6.62,0.17,0.2,,2.82,7.62,1.7,0.02,0.23
2013-06-01,8.97,3.8,1.47,0.0,6.59,3.16,1.29,1.13,0.0,8.76,3.59,3.13,0.0005,0.16,4.36,3.35,5.02,0.1,0.0
2013-07-01,9.78,3.04,3.57,1.77,11.38,7.6,3.78,1.23,0.75,5.24,5.95,2.24,1.6,,9.22,2.79,1.41,4.59,0.01
2013-08-01,6.81,0.23,0.13,0.36,5.34,4.28,1.53,,0.07,6.1,4.13,0.89,1.64,,7.25,,3.76,6.28,0.0
2013-09-01,2.86,3.81,5.42,0.86,4.48,2.95,2.8,,0.23,1.3,2.62,0.71,2.57,,1.47,7.94,3.63,2.65,0.0
2013-10-01,0.42,7.34,5.78,0.0005,0.99,,3.13,,0.0,5.56,4.52,0.49,1.37,,0.19,7.27,0.14,,0.25
2013-11-01,2.93,4.58,2.51,2.43,2.64,,1.6,,0.38,2.72,3.1,0.51,2.19,,3.02,4.46,0.92,0.52,0.67
2013-12-01,1.61,7.83,2.6,0.39,3.94,6.74,0.81,,0.0005,6.87,4.38,0.06,0.51,,6.03,,0.31,0.15,0.38
2014-01-01,6.87,1.19,0.37,0.0,1.67,1.85,0.0005,,0.0,2.52,0.87,0.06,0.12,1.01,4.92,,0.0,0.0005,0.01
2014-02-01,3.8,2.85,0.67,0.0,2.36,1.02,0.08,0.03,0.0005,2.97,0.42,0.44,0.38,5.47,4.03,6.27,0.17,0.24,4.88
2014-03-01,8.53,3.4,0.84,0.99,2.57,2.92,0.86,0.22,0.36,3.27,2.65,0.32,0.37,,4.31,3.67,0.28,0.73,2.94
2014-04-01,6.9,5.25,1.96,0.0005,3.0,4.41,1.04,0.21,0.11,3.87,2.01,1.79,0.39,,3.11,6.9,0.52,0.5,0.27
2014-05-01,6.71,4.29,6.5,0.0,3.49,7.13,5.49,2.42,0.02,3.77,2.69,0.57,0.73,,4.57,4.57,2.93,0.17,0.09
2014-06-01,6.27,3.16,5.06,0.0,3.09,4.28,4.53,4.0,0.0,9.3,5.92,0.99,0.0,,2.29,11.09,1.92,0.0,0.0
2014-07-01,4.1,4.32,0.96,0.06,4.99,6.51,3.82,2.54,0.05,4.98,3.15,3.61,0.39,,1.1,3.63,4.06,2.03,0.0
2014-08-01,2.96,3.83,0.1,1.17,1.19,1.36,0.49,0.82,0.15,5.24,1.85,0.83,2.61,,2.53,,0.51,,
2014-09-01,13.73,1.53,1.89,5.11,2.2,3.53,1.27,2.71,0.76,2.26,5.35,0.5,2.14,,4.17,0.59,1.56,2.7,0.0
2014-10-01,0.64,8.18,3.01,0.13,2.57,5.78,1.38,0.19,0.0,1.86,7.26,1.21,0.42,,1.76,10.39,0.2,0.56,0.0
2014-11-01,2.6,4.38,2.35,0.0,2.28,1.34,2.3,0.37,0.02,3.54,2.12,0.11,0.54,2.98,4.74,2.93,0.24,0.35,0.86
2014-12-01,3.66,2.15,0.96,0.91,2.22,3.5,0.28,0.38,0.59,3.85,1.63,0.18,0.98,,4.97,6.45,0.08,1.06,5.49
2015-01-01,2.96,4.57,4.23,0.81,1.93,3.35,1.18,1.44,0.42,3.69,0.69,0.35,1.87,,3.26,2.47,1.9,0.83,1.5
2015-02-01,2.28,4.4,2.06,0.01,1.69,1.47,0.01,0.89,0.26,2.4,1.81,0.97,1.82,,4.43,,0.92,0.3,0.9
2015-03-01,2.42,12.85,4.51,0.33,1.88,7.28,0.44,0.38,0.16,,3.5,0.16,0.72,,3.1,8.77,0.71,0.66,0.62
2015-04-01,3.84,6.47,4.53,0.18,3.63,3.71,4.78,1.93,0.0,4.46,4.18,1.61,0.6,,4.01,6.05,0.61,0.5,0.24
2015-05-01,2.02,5.1,14.5,1.17,2.53,14.19,16.35,4.02,0.06,1.23,10.74,5.77,,,2.51,5.25,4.89,0.48,0.52
2015-06-01,4.76,7.56,5.91,0.25,2.73,3.07,4.88,2.07,0.0,8.13,4.18,0.73,2.5,0.79,5.17,3.13,2.83,0.27,0.24
2015-07-01,15.06,6.05,0.0,1.13,3.83,3.41,2.78,7.56,0.25,6.63,7.02,0.98,1.8,2.58,3.92,5.44,4.17,5.34,1.35
2015-08-01,9.86,2.78,1.61,1.29,3.46,4.86,2.19,2.03,0.0005,4.36,6.66,3.31,1.41,0.04,4.84,1.21,1.22,4.52,0.0
2015-09-01,4.72,0.42,0.97,0.81,4.12,2.95,0.66,1.31,0.0,2.47,2.55,0.25,0.6,0.15,3.47,0.85,1.04,1.23,0.5
2015-10-01,0.85,6.42,13.13,0.71,3.36,1.66,3.6,2.36,1.3,3.72,1.32,1.18,3.25,3.37,14.12,4.13,6.77,1.66,0.15
2015-11-01,1.85,9.61,6.13,0.25,6.17,10.53,3.98,1.23,0.0005,4.1,9.12,0.27,1.24,,6.49,,0.13,0.96,0.09
2015-12-01,0.68,6.59,3.39,0.21,5.79,9.12,1.89,2.85,0.0005,6.01,10.88,0.13,1.63,5.18,8.34,8.79,0.65,0.29,0.24
2016-02-01,3.85,5.16,2.92,0.0,3.64,1.47,1.08,0.13,0.01,6.08,0.33,0.08,0.37,2.03,3.4,5.68,0.23,0.3,1.98
2016-04-01,4.11,6.24,7.01,0.51,2.5,4.33,7.35,0.67,0.64,2.56,6.56,2.7,0.57,2.86,3.11,7.24,1.17,0.32,0.43
2016-06-01,3.08,2.34,6.57,0.01,1.96,1.03,4.72,3.28,0.04,5.67,5.26,3.22,0.23,0.18,2.64,1.24,1.59,0.78,0.0
2016-08-01,12.47,9.46,6.15,1.27,4.73,1.76,3.25,2.33,0.0,0.72,2.86,1.88,1.33,0.0,4.48,3.1,1.69,4.01,0.0
2016-10-01,,0.5,0.6,0.2,0.55,1.3,0.68,0.0,0.04,5.34,4.95,0.02,0.06,,2.12,1.4,0.05,0.04,0.81
2016-12-01,3.03,3.82,1.33,0.95,3.02,0.95,1.12,0.32,0.17,,0.94,0.3,1.41,8.37,3.77,,0.28,1.1,3.93
2017-02-01,1.03,6.02,2.93,1.24,1.13,2.04,2.43,0.17,0.82,0.53,0.47,0.07,0.64,16.52,1.23,,0.58,2.31,10.42
2017-04-01,5.96,,4.7,0.0005,4.41,7.13,4.24,2.73,0.0,1.89,17.06,2.78,0.12,6.31,3.87,7.34,1.12,0.04,0.37
2017-06-01,10.45,5.17,7.84,0.0,1.99,2.38,4.18,,0.0,,2.67,0.88,0.17,0.74,3.62,5.23,2.87,0.42,0.0
2017-08-01,,5.75,3.31,1.43,5.48,9.06,7.99,6.48,0.17,10.43,9.89,1.4,1.35,2.29,2.23,7.05,9.17,1.58,0.0
2017-10-01,1.82,1.25,1.39,0.0,5.14,2.71,1.89,3.62,0.0,3.63,3.69,,0.0005,0.52,1.34,,2.07,0.0005,0.0
2017-12-01,,,2.07,0.23,3.28,,0.13,,0.0,1.83,2.27,0.06,0.16,0.37,3.35,,0.0005,0.0005,0.0
2018-02-01,1.71,15.03,5.42,0.52,2.28,10.52,0.73,0.03,0.05,3.6,8.67,0.08,0.28,0.27,2.73,16.44,0.48,,0.11
2018-04-01,3.42,5.63,1.33,0.0,4.11,4.88,1.29,0.51,0.0,,1.86,0.88,0.24,3.54,3.69,,0.67,,0.01
2018-06-01,5.5,3.17,0.93,0.0005,4.85,2.47,2.64,0.57,0.0,8.83,3.29,0.53,0.01,0.0,1.68,2.44,1.15,0.45,0.02
2018-08-01,6.53,3.03,4.93,1.5,5.59,,1.78,3.63,0.0,,6.03,1.79,0.7,,3.18,5.39,2.49,2.86,0.0
2018-10-01,,3.82,13.29,5.35,3.89,5.76,12.42,4.27,0.07,6.52,4.59,3.57,4.02,1.28,4.38,6.66,3.21,2.09,0.06
2018-12-01,8.8,11.68,5.6,0.19,6.84,6.27,2.92,,0.11,2.52,3.32,0.04,0.94,,8.51,3.83,0.13,,1.38
